Date,Turbidity[NTU],SuspendedSedimentLoad[g],Suspended Sediment[mg/l]
01/01/2009,  ,  ,  
02/01/2009,  ,  ,  
03/01/2009,  ,  ,  
04/01/2009,  ,  ,  
05/01/2009,  ,  ,  
06/01/2009,  ,  ,  
07/01/2009,  ,  ,  
08/01/2009,  ,  ,  
09/01/2009,  ,  ,  
10/01/2009,  ,  ,  
11/01/2009,  ,  ,  
12/01/2009,  ,  ,  
13/01/2009,  ,  ,  
14/01/2009,  ,  ,  
15/01/2009,  ,  ,  
16/01/2009,  ,  ,  
17/01/2009,  ,  ,  
18/01/2009,  ,  ,  
19/01/2009,  ,  ,  
20/01/2009,  ,  ,  
21/01/2009,  ,  ,  
22/01/2009,  ,  ,  
23/01/2009,  ,  ,  
24/01/2009,  ,  ,  
25/01/2009,  ,  ,  
26/01/2009,  ,  ,  
27/01/2009,  ,  ,  
28/01/2009,  ,  ,  
29/01/2009,  ,  ,  
30/01/2009,  ,  ,  
31/01/2009,  ,  ,  
01/02/2009,  ,  ,  
02/02/2009,  ,  ,  
03/02/2009,  ,  ,  
04/02/2009,  ,  ,  
05/02/2009,  ,  ,  
06/02/2009,  ,  ,  
07/02/2009,  ,  ,  
08/02/2009,  ,  ,  
09/02/2009,  ,  ,  
10/02/2009,  ,  ,  
11/02/2009,  ,  ,  
12/02/2009,  ,  ,  
13/02/2009,  ,  ,  
14/02/2009,  ,  ,  
15/02/2009,  ,  ,  
16/02/2009,  ,  ,  
17/02/2009,  ,  ,  
18/02/2009,  ,  ,  
19/02/2009,  ,  ,  
20/02/2009,  ,  ,  
21/02/2009,  ,  ,  
22/02/2009,  ,  ,  
23/02/2009,  ,  ,  
24/02/2009,  ,  ,  
25/02/2009,  ,  ,  
26/02/2009,  ,  ,  
27/02/2009,  ,  ,  
28/02/2009,  ,  ,  
01/03/2009,  ,  ,  
02/03/2009,  ,  ,  
03/03/2009,  ,  ,  
04/03/2009,  ,  ,  
05/03/2009,  ,  ,  
06/03/2009,  ,  ,  
07/03/2009,  ,  ,  
08/03/2009,  ,  ,  
09/03/2009,  ,  ,  
10/03/2009,  ,  ,  
11/03/2009,  ,  ,  
12/03/2009,  ,  ,  
13/03/2009,  ,  ,  
14/03/2009,  ,  ,  
15/03/2009,  ,  ,  
16/03/2009,  ,  ,  
17/03/2009,  ,  ,  
18/03/2009,  ,  ,  
19/03/2009,  ,  ,  
20/03/2009,  ,  ,  
21/03/2009,  ,  ,  
22/03/2009,  ,  ,  
23/03/2009,  ,  ,  
24/03/2009,  ,  ,  
25/03/2009,  ,  ,  
26/03/2009,  ,  ,  
27/03/2009,  ,  ,  
28/03/2009,  ,  ,  
29/03/2009,  ,  ,  
30/03/2009,  ,  ,  
31/03/2009,  ,  ,  
01/04/2009,  ,  ,  
02/04/2009,  ,  ,  
03/04/2009,  ,  ,  
04/04/2009,  ,  ,  
05/04/2009,  ,  ,  
06/04/2009,  ,  ,  
07/04/2009,  ,  ,  
08/04/2009,  ,  ,  
09/04/2009,  ,  ,  
10/04/2009,  ,  ,  
11/04/2009,  ,  ,  
12/04/2009,  ,  ,  
13/04/2009,  ,  ,  
14/04/2009,  ,  ,  
15/04/2009,  ,  ,  
16/04/2009,  ,  ,  
17/04/2009,  ,  ,  
18/04/2009,  ,  ,  
19/04/2009,  ,  ,  
20/04/2009,  ,  ,  
21/04/2009,  ,  ,  
22/04/2009,  ,  ,  
23/04/2009,  ,  ,  
24/04/2009,  ,  ,  
25/04/2009,  ,  ,  
26/04/2009,  ,  ,  
27/04/2009,  ,  ,  
28/04/2009,  ,  ,  
29/04/2009,  ,  ,  
30/04/2009,  ,  ,  
01/05/2009,  ,  ,  
02/05/2009,  ,  ,  
03/05/2009,  ,  ,  
04/05/2009,  ,  ,  
05/05/2009,  ,  ,  
06/05/2009,  ,  ,  
07/05/2009,  ,  ,  
08/05/2009,  ,  ,  
09/05/2009,  ,  ,  
10/05/2009,  ,  ,  
11/05/2009,  ,  ,  
12/05/2009,  ,  ,  
13/05/2009,  ,  ,  
14/05/2009,  ,  ,  
15/05/2009,  ,  ,  
16/05/2009,  ,  ,  
17/05/2009,  ,  ,  
18/05/2009,  ,  ,  
19/05/2009,  ,  ,  
20/05/2009,  ,  ,  
21/05/2009,  ,  ,  
22/05/2009,  ,  ,  
23/05/2009,  ,  ,  
24/05/2009,  ,  ,  
25/05/2009,  ,  ,  
26/05/2009,  ,  ,  
27/05/2009,  ,  ,  
28/05/2009,  ,  ,  
29/05/2009,  ,  ,  
30/05/2009,  ,  ,  
31/05/2009,  ,  ,  
01/06/2009,  ,  ,  
02/06/2009,  ,  ,  
03/06/2009,  ,  ,  
04/06/2009,  ,  ,  
05/06/2009,  ,  ,  
06/06/2009,  ,  ,  
07/06/2009,  ,  ,  
08/06/2009,  ,  ,  
09/06/2009,  ,  ,  
10/06/2009,  ,  ,  
11/06/2009,  ,  ,  
12/06/2009,  ,  ,  
13/06/2009,  ,  ,  
14/06/2009,  ,  ,  
15/06/2009,  ,  ,  
16/06/2009,  ,  ,  
17/06/2009,  ,  ,  
18/06/2009,  ,  ,  
19/06/2009,  ,  ,  
20/06/2009,  ,  ,  
21/06/2009,  ,  ,  
22/06/2009,  ,  ,  
23/06/2009,  ,  ,  
24/06/2009,  ,  ,  
25/06/2009,  ,  ,  
26/06/2009,  ,  ,  
27/06/2009,  ,  ,  
28/06/2009,  ,  ,  
29/06/2009,  ,  ,  
30/06/2009,  ,  ,  
01/07/2009,  ,  ,  
02/07/2009,  ,  ,  
03/07/2009,  ,  ,  
04/07/2009,  ,  ,  
05/07/2009,  ,  ,  
06/07/2009,  ,  ,  
07/07/2009,  ,  ,  
08/07/2009,  ,  ,  
09/07/2009,  ,  ,  
10/07/2009,  ,  ,  
11/07/2009,  ,  ,  
12/07/2009,  ,  ,  
13/07/2009,  ,  ,  
14/07/2009,  ,  ,  
15/07/2009,  ,  ,  
16/07/2009,  ,  ,  
17/07/2009,  ,  ,  
18/07/2009,  ,  ,  
19/07/2009,  ,  ,  
20/07/2009,  ,  ,  
21/07/2009,  ,  ,  
22/07/2009,  ,  ,  
23/07/2009,  ,  ,  
24/07/2009,  ,  ,  
25/07/2009,  ,  ,  
26/07/2009,  ,  ,  
27/07/2009,  ,  ,  
28/07/2009,  ,  ,  
29/07/2009,  ,  ,  
30/07/2009,  ,  ,  
31/07/2009,  ,  ,  
01/08/2009,  ,  ,  
02/08/2009,  ,  ,  
03/08/2009,  ,  ,  
04/08/2009,  ,  ,  
05/08/2009,  ,  ,  
06/08/2009,  ,  ,  
07/08/2009,  ,  ,  
08/08/2009,  ,  ,  
09/08/2009,  ,  ,  
10/08/2009,  ,  ,  
11/08/2009,  ,  ,  
12/08/2009,  ,  ,  
13/08/2009,  ,  ,  
14/08/2009,  ,  ,  
15/08/2009,  ,  ,  
16/08/2009,  ,  ,  
17/08/2009,  ,  ,  
18/08/2009,  ,  ,  
19/08/2009,  ,  ,  
20/08/2009,  ,  ,  
21/08/2009,  ,  ,  
22/08/2009,  ,  ,  
23/08/2009,  ,  ,  
24/08/2009,  ,  ,  
25/08/2009,  ,  ,  
26/08/2009,  ,  ,  
27/08/2009,  ,  ,  
28/08/2009,  ,  ,  
29/08/2009,  ,  ,  
30/08/2009,  ,  ,  
31/08/2009,  ,  ,  
01/09/2009,  ,  ,  
02/09/2009,  ,  ,  
03/09/2009,  ,  ,  
04/09/2009,  ,  ,  
05/09/2009,  ,  ,  
06/09/2009,  ,  ,  
07/09/2009,  ,  ,  
08/09/2009,  ,  ,  
09/09/2009,  ,  ,  
10/09/2009,  ,  ,  
11/09/2009,  ,  ,  
12/09/2009,  ,  ,  
13/09/2009,  ,  ,  
14/09/2009,  ,  ,  
15/09/2009,  ,  ,  
16/09/2009,  ,  ,  
17/09/2009,  ,  ,  
18/09/2009,  ,  ,  
19/09/2009,  ,  ,  
20/09/2009,  ,  ,  
21/09/2009,  ,  ,  
22/09/2009,  ,  ,  
23/09/2009,  ,  ,  
24/09/2009,  ,  ,  
25/09/2009,  ,  ,  
26/09/2009,  ,  ,  
27/09/2009,  ,  ,  
28/09/2009,  ,  ,  
29/09/2009,  ,  ,  
30/09/2009,  ,  ,  
01/10/2009,  ,  ,  
02/10/2009,  ,  ,  
03/10/2009,  ,  ,  
04/10/2009,  ,  ,  
05/10/2009,  ,  ,  
06/10/2009,  ,  ,  
07/10/2009,  ,  ,  
08/10/2009,  ,  ,  
09/10/2009,  ,  ,  
10/10/2009,  ,  ,  
11/10/2009,  ,  ,  
12/10/2009,  ,  ,  
13/10/2009,  ,  ,  
14/10/2009,  ,  ,  
15/10/2009,  ,  ,  
16/10/2009,  ,  ,  
17/10/2009,  ,  ,  
18/10/2009,  ,  ,  
19/10/2009,  ,  ,  
20/10/2009,  ,  ,  
21/10/2009,  ,  ,  
22/10/2009,  ,  ,  
23/10/2009,  ,  ,  
24/10/2009,  ,  ,  
25/10/2009,  ,  ,  
26/10/2009,  ,  ,  
27/10/2009,  ,  ,  
28/10/2009,  ,  ,  
29/10/2009,  ,  ,  
30/10/2009,  ,  ,  
31/10/2009,  ,  ,  
01/11/2009,  ,  ,  
02/11/2009,  ,  ,  
03/11/2009,  ,  ,  
04/11/2009,  ,  ,  
05/11/2009,46.57,617756.83,43.961
06/11/2009,18.628,312182.18,14.891
07/11/2009,9.139,127842.84,6.656
08/11/2009,6.827,80768.66,4.804
09/11/2009,38.246,2988880.49,36.59
10/11/2009,82.014,9797001.3,82.705
11/11/2009,53.499,5815823.26,52.337
12/11/2009,122.299,28566196.35,123.836
13/11/2009,95.98,27858878.85,96.695
14/11/2009,70.48,11732416.93,65.708
15/11/2009,24.683,1196335.64,20.076
16/11/2009,81.552,16295196.68,78.707
17/11/2009,14.394,458299.96,11.092
18/11/2009,47.674,3988424.15,42.934
19/11/2009,101.872,33206765.16,97.346
20/11/2009,56.807,10203277.95,51.656
21/11/2009,95.744,22863923.77,95.109
22/11/2009,31.958,1968503.67,26.835
23/11/2009,15.891,570199.71,12.316
24/11/2009,25.804,1475499.84,21.663
25/11/2009,20.949,804674.57,18.118
26/11/2009,7.397,150562.5,5.251
27/11/2009,6.296,104810.35,4.383
28/11/2009,50.791,2856562.09,45.973
29/11/2009,96.311,16996316.51,91.621
30/11/2009,18.404,751328.84,14.728
01/12/2009,22.5,1289122.18,18.697
02/12/2009,24.142,1137667.49,19.751
03/12/2009,7.686,182981.09,5.5
04/12/2009,39.172,6781883.7,38.238
05/12/2009,64.16,8517064.95,59.398
06/12/2009,22.273,1200791.88,18.301
07/12/2009,34.661,2352045.41,30.43
08/12/2009,13.222,427744.66,10.08
09/12/2009,29.138,1294171.01,25.876
10/12/2009,10.286,276035.27,7.723
11/12/2009,6.093,113946.24,4.227
12/12/2009,5.558,88452.76,3.816
13/12/2009,5.31,74454.95,3.627
14/12/2009,5.017,62762.81,3.409
15/12/2009,17.384,373028,14.235
16/12/2009,18.377,473812.68,14.834
17/12/2009,82.645,6313322.29,78.89
18/12/2009,15.671,543875.68,12.294
19/12/2009,5.85,104610.86,4.047
20/12/2009,6.21,96355.13,4.398
21/12/2009,4.641,59119.54,3.122
22/12/2009,5.116,57757.41,3.533
23/12/2009,23.281,1525756.01,21.167
24/12/2009,32.181,1951670.05,27.744
25/12/2009,36.082,2983430.06,32.758
26/12/2009,37.948,2213484.62,34.063
27/12/2009,12.315,296826.45,9.331
28/12/2009,10.364,171038.68,7.876
29/12/2009,65.757,7856805.52,62.285
30/12/2009,129.249,52530570.77,130.164
31/12/2009,51.86,10210006.33,46.596
01/01/2010,13.917,484823.91,10.657
02/01/2010,7.622,181571.55,5.425
03/01/2010,6.257,127825.31,4.351
04/01/2010,12.049,237336.52,9.572
05/01/2010,6.62,105336.06,4.711
06/01/2010,4.968,64017.38,3.365
07/01/2010,4.506,49943.8,3.021
08/01/2010,4.495,43789.88,3.012
09/01/2010,4.847,44449.16,3.276
10/01/2010,8.053,80129.36,5.766
11/01/2010,49.533,2011936.5,44.714
12/01/2010,161.236,54097861.72,177.157
13/01/2010,83.792,15602190.13,78.855
14/01/2010,16.845,456804.95,13.169
15/01/2010,79.003,8194522.03,74.933
16/01/2010,125.362,43668233,125.598
17/01/2010,17.474,565562.48,13.705
18/01/2010,9.821,226364.68,7.2
19/01/2010,13.246,456930.35,10.319
20/01/2010,52.024,4447237.78,48.219
21/01/2010,73.27,21751041.41,72.687
22/01/2010,48.005,7668826.91,43.298
23/01/2010,10.798,289553.92,8.003
24/01/2010,7.476,155798.4,5.309
25/01/2010,5.763,96516.04,3.974
26/01/2010,5.269,76002.81,3.594
27/01/2010,5.689,75796.51,3.911
28/01/2010,7.183,93087.95,5.312
29/01/2010,6.013,67264.36,4.17
30/01/2010,4.689,43836.33,3.161
31/01/2010,5.343,47006.28,3.782
01/02/2010,10.06,90350.39,7.913
02/02/2010,11.903,109965.26,9.092
03/02/2010,55.544,2528854.52,51.437
04/02/2010,105.579,12860382.85,103.684
05/02/2010,33.96,4171199.37,28.756
06/02/2010,11.386,234615.73,8.531
07/02/2010,6.074,95093.17,4.214
08/02/2010,5.412,74016.17,3.706
09/02/2010,4.669,54614.08,3.145
10/02/2010,4.279,43790.65,2.855
11/02/2010,6.344,64086.2,4.793
12/02/2010,2.984,25632.01,1.955
13/02/2010,2.513,19569.25,1.587
14/02/2010,2.272,16372.46,1.417
15/02/2010,2.362,16692.05,1.476
16/02/2010,2.168,14305.73,1.345
17/02/2010,10.602,82749.19,8.499
18/02/2010,10.148,73955.52,8.033
19/02/2010,4.495,25476.14,3.054
20/02/2010,2.369,11697.64,1.487
21/02/2010,2.668,13079.76,1.704
22/02/2010,3.874,20185.39,2.774
23/02/2010,17.079,318240.04,14.351
24/02/2010,71.24,5496464.75,69.077
25/02/2010,25.315,628878.06,20.83
26/02/2010,5.906,70120.11,4.117
27/02/2010,3.203,27915.91,2.086
28/02/2010,2.383,17201.02,1.494
01/03/2010,2.844,18639.61,1.884
02/03/2010,1.946,11077.24,1.196
03/03/2010,1.743,9560.25,1.055
04/03/2010,2.831,15612.7,1.865
05/03/2010,2.42,12068.32,1.538
06/03/2010,3.206,19194.66,2.217
07/03/2010,1.819,8178.03,1.109
08/03/2010,1.539,6384.55,0.917
09/03/2010,1.617,6434.36,0.975
10/03/2010,1.72,6620.17,1.038
11/03/2010,1.512,5593.77,0.903
12/03/2010,2.531,10364.02,1.668
13/03/2010,3.364,13059.58,2.321
14/03/2010,2.069,6973.4,1.278
15/03/2010,2.044,6693.2,1.259
16/03/2010,1.56,4953.44,0.937
17/03/2010,1.887,6263.71,1.153
18/03/2010,4.421,21909.49,3.012
19/03/2010,3.846,15428.73,2.588
20/03/2010,27.586,387246.97,23.235
21/03/2010,5.636,30015.16,3.922
22/03/2010,23.958,353264.81,20.195
23/03/2010,5.198,32585.96,3.592
24/03/2010,47.959,2428263.82,44.584
25/03/2010,106.187,10647250.22,105.947
26/03/2010,97.042,8396992.15,97.725
27/03/2010,17.875,258966.62,16.113
28/03/2010,6.46,60458.51,4.587
29/03/2010,120.701,22423137.04,123.6
30/03/2010,49.121,2779985.74,43.342
31/03/2010,18.043,503136.64,14.379
01/04/2010,7.854,117022.55,5.653
02/04/2010,18.599,473683.56,15.202
03/04/2010,6.079,79781.41,4.234
04/04/2010,4.037,43203.94,2.697
05/04/2010,6.028,73733.63,4.205
06/04/2010,79.407,9417907.34,75.202
07/04/2010,14.262,322609.46,11.032
08/04/2010,5.854,80890.84,4.085
09/04/2010,4.362,48449.24,2.921
10/04/2010,4.446,44462.51,3.013
11/04/2010,3.549,31077.36,2.326
12/04/2010,3.335,26347.04,2.18
13/04/2010,3.477,25618.22,2.296
14/04/2010,3.146,21646.96,2.084
15/04/2010,3.994,28662.01,2.92
16/04/2010,5.63,36716.39,4.268
17/04/2010,11.721,91586.87,10.212
18/04/2010,9.489,70733.78,8.026
19/04/2010,7.519,46010.67,6.122
20/04/2010,6.381,37088.08,5.255
21/04/2010,7.109,43693.2,5.967
22/04/2010,5.864,29026.19,4.723
23/04/2010,7.776,39845.56,6.562
24/04/2010,6.628,29357.55,5.477
25/04/2010,57.299,1075516.38,58.825
26/04/2010,14.52,83987.29,11.851
27/04/2010,7.495,35496.32,6.201
28/04/2010,8.246,39027.46,6.824
29/04/2010,8.358,36256.5,6.713
30/04/2010,5.966,24171.99,4.43
01/05/2010,4.007,15875.71,2.682
02/05/2010,4.048,14681.7,2.927
03/05/2010,5.46,18569.5,4.344
04/05/2010,1.954,4993.68,1.216
05/05/2010,2.2,5882.87,1.403
06/05/2010,4.942,20776.49,3.386
07/05/2010,3.389,10634.29,2.228
08/05/2010,2.198,5492.78,1.369
09/05/2010,1.763,4044.95,1.078
10/05/2010,1.735,3823.93,1.051
11/05/2010,1.732,3615.45,1.05
12/05/2010,3.133,8822.71,2.034
13/05/2010,3.223,7883.31,2.122
14/05/2010,3.063,7460.58,2.007
15/05/2010,1.606,2076.36,0.963
16/05/2010,1.506,1775.39,0.896
17/05/2010,2.194,2481.05,1.372
18/05/2010,1.973,2269.54,1.218
19/05/2010,2.654,3608.53,1.704
20/05/2010,2.371,2608.05,1.484
21/05/2010,2.57,2859.35,1.672
22/05/2010,2.095,2163.7,1.294
23/05/2010,3.37,3645.14,2.207
24/05/2010,2.737,2681.07,1.766
25/05/2010,2.426,2136.72,1.522
26/05/2010,2.207,1813.04,1.367
27/05/2010,2.168,1695.18,1.341
28/05/2010,2.315,1828.36,1.461
29/05/2010,30.116,243765.18,25.8
30/05/2010,5.206,7511.31,3.592
31/05/2010,3.725,4176.91,2.447
01/06/2010,26.516,258289.02,22.392
02/06/2010,5.874,9885.78,4.098
03/06/2010,4.227,5145.58,2.822
04/06/2010,4.705,5168.05,3.182
05/06/2010,5.054,5116.76,3.434
06/06/2010,8.684,16792.72,6.362
07/06/2010,24.354,249262.21,20.768
08/06/2010,13.112,76341.41,10.228
09/06/2010,5.464,11240.27,3.751
10/06/2010,5.814,8667.86,4.147
11/06/2010,4.687,5519.97,3.159
12/06/2010,5.344,5487.12,3.658
13/06/2010,5.465,5765.05,3.744
14/06/2010,4.959,4790.07,3.365
15/06/2010,5.586,4438.92,3.833
16/06/2010,5.238,3944.27,3.571
17/06/2010,5.252,3893.33,3.58
18/06/2010,5.914,4316.92,4.1
19/06/2010,5.175,3382.64,3.524
20/06/2010,5.158,3038,3.51
21/06/2010,5.298,3014.32,3.614
22/06/2010,5.156,2809.53,3.514
23/06/2010,4.972,2755.35,3.372
24/06/2010,5.672,3023.24,3.939
25/06/2010,5.213,2684.77,3.565
26/06/2010,4.752,2241.87,3.207
27/06/2010,5.832,2950.45,4.031
28/06/2010,5.457,3169.35,3.757
29/06/2010,5.199,3225.56,3.554
30/06/2010,4.723,2219.61,3.191
01/07/2010,12.981,31094.21,10.136
02/07/2010,7.058,3672.16,4.995
03/07/2010,5.737,1852.65,4.002
04/07/2010,4.611,1312.98,3.108
05/07/2010,4,902.62,2.653
06/07/2010,4.454,1078.83,3.098
07/07/2010,4.166,1026.06,2.787
08/07/2010,4.664,1948.3,3.215
09/07/2010,5.813,3619.32,4.115
10/07/2010,9.258,16583.44,6.842
11/07/2010,9.665,11428.06,7.312
12/07/2010,5.273,1527.74,3.85
13/07/2010,9.292,14734.78,6.984
14/07/2010,10.362,19778.1,7.776
15/07/2010,8.956,30331.18,6.949
16/07/2010,36.469,611287.99,32.361
17/07/2010,5.079,14134.85,3.531
18/07/2010,4.373,10671.16,2.925
19/07/2010,122.09,27924238.34,124.963
20/07/2010,14.274,270025.98,11.106
21/07/2010,24.822,637363.2,22.17
22/07/2010,5.877,54525.17,4.155
23/07/2010,3.025,14312.76,1.953
24/07/2010,3.111,11999.27,2.023
25/07/2010,6.547,24805.04,5.258
26/07/2010,4.145,10756.89,2.813
27/07/2010,3.492,7701.17,2.308
28/07/2010,3.512,6459.68,2.375
29/07/2010,3.33,5318.51,2.171
30/07/2010,2.703,4198.07,1.734
31/07/2010,7.322,13485.01,6.07
01/08/2010,3.204,3988.34,2.094
02/08/2010,2.58,2860.34,1.643
03/08/2010,5.358,6544.79,4.136
04/08/2010,5.318,6730.54,3.895
05/08/2010,4.514,5541.51,3.093
06/08/2010,3.602,5408.18,2.362
07/08/2010,3.348,4566.64,2.177
08/08/2010,4.085,5094.5,2.705
09/08/2010,3.923,5157.08,2.606
10/08/2010,4.024,4817.32,2.678
11/08/2010,3.607,4015.81,2.377
12/08/2010,3.886,4194.05,2.631
13/08/2010,2.425,2295.17,1.544
14/08/2010,2.05,1790.12,1.266
15/08/2010,1.984,1671.5,1.22
16/08/2010,1.994,1649.28,1.226
17/08/2010,2.092,1862.35,1.296
18/08/2010,2.452,2074.87,1.595
19/08/2010,3.704,7490.89,2.523
20/08/2010,11.544,20049.15,8.587
21/08/2010,8.488,8554.63,6.159
22/08/2010,4.837,3951.9,3.313
23/08/2010,10.746,20081.43,8.008
24/08/2010,10.462,9711.15,7.74
25/08/2010,5.017,4103.68,3.417
26/08/2010,5.263,4424.77,3.771
27/08/2010,2.196,1250.86,1.366
28/08/2010,2.206,1130.03,1.374
29/08/2010,2.361,1129.98,1.48
30/08/2010,2.033,898.63,1.254
31/08/2010,1.836,840.03,1.119
01/09/2010,2.926,1515.14,1.919
02/09/2010,2.554,1138.14,1.619
03/09/2010,2.188,1003.03,1.358
04/09/2010,2.351,1287.52,1.47
05/09/2010,2.779,1927.77,1.767
06/09/2010,73.346,10616018.15,70.366
07/09/2010,20.64,628805.6,16.835
08/09/2010,47.199,3204016.65,45.431
09/09/2010,12.993,257584.77,10.038
10/09/2010,8.71,136816.25,6.36
11/09/2010,19.091,649468.52,15.592
12/09/2010,8.753,93297.67,6.709
13/09/2010,5.657,44168.59,4.04
14/09/2010,7.753,49811.21,5.736
15/09/2010,5.717,29666.62,4.151
16/09/2010,6.547,29803.71,4.944
17/09/2010,8.926,35985.34,6.896
18/09/2010,3.871,12875.72,2.609
19/09/2010,2.573,7823.43,1.628
20/09/2010,2.511,6883.63,1.585
21/09/2010,4.217,11033.33,2.917
22/09/2010,2.955,7434.36,1.908
23/09/2010,2.636,6247.13,1.681
24/09/2010,2.085,4228.44,1.291
25/09/2010,1.768,3092.29,1.073
26/09/2010,2.488,4427.57,1.609
27/09/2010,1.691,2710.03,1.021
28/09/2010,2.194,3806.97,1.358
29/09/2010,4.838,10276.48,3.375
30/09/2010,3.852,6727.81,2.709
01/10/2010,7.642,29899.51,5.518
02/10/2010,8.206,37906.16,6.141
03/10/2010,7.734,44231.27,5.848
04/10/2010,1.667,5734.81,1.013
05/10/2010,1.255,3603.66,0.735
06/10/2010,2.587,7924.57,1.666
07/10/2010,1.485,3318.18,0.884
08/10/2010,1.508,3215.12,0.898
09/10/2010,1.643,3228.12,0.989
10/10/2010,10.351,25456.8,9.116
11/10/2010,4.304,7891.36,2.95
12/10/2010,2.331,3526.48,1.466
13/10/2010,2.18,3228.21,1.377
14/10/2010,5.094,8625.63,3.808
15/10/2010,2.013,2620.18,1.238
16/10/2010,1.835,2243.46,1.121
17/10/2010,1.841,2138.2,1.126
18/10/2010,2.215,2605.81,1.391
19/10/2010,1.741,1963.3,1.057
20/10/2010,1.739,1855.7,1.069
21/10/2010,1.735,1716.29,1.063
22/10/2010,2.968,5223.48,1.97
23/10/2010,3.661,5682.5,2.427
24/10/2010,1.194,1178.88,0.7
25/10/2010,0.828,694.81,0.464
26/10/2010,2.863,5092,1.833
27/10/2010,2.002,3003.57,1.238
28/10/2010,2.987,6267.39,1.953
29/10/2010,58.512,4193752.04,55.006
30/10/2010,14.208,233537.02,11.039
31/10/2010,28.309,1680216.51,24.167
01/11/2010,10.836,232408.74,8.117
02/11/2010,4.855,68700.93,3.302
03/11/2010,3.939,48635.37,2.627
04/11/2010,2.256,21819.64,1.413
05/11/2010,1.097,7757.82,0.634
06/11/2010,0.823,4856.57,0.46
07/11/2010,3.065,97047.22,2.196
08/11/2010,49.527,4788335.47,44.227
09/11/2010,32.127,2557216.36,27.109
10/11/2010,6.281,136415.87,4.424
11/11/2010,12.764,496652.7,9.793
12/11/2010,3.064,48064.44,2.008
13/11/2010,3.007,42209.52,1.96
14/11/2010,2.105,26571.91,1.32
15/11/2010,0.86,7444.54,0.482
16/11/2010,2.161,44302.18,1.404
17/11/2010,53.608,9414164.51,48.706
18/11/2010,11.474,532687.52,8.712
19/11/2010,3.211,57450.18,2.092
20/11/2010,1.82,24292.19,1.107
21/11/2010,4.639,95957.86,3.185
22/11/2010,4.862,114457.94,3.317
23/11/2010,7.629,273241.51,5.577
24/11/2010,1.775,26181.27,1.079
25/11/2010,1.008,10787.33,0.581
26/11/2010,0.893,8047.98,0.503
27/11/2010,1.813,17281.02,1.106
28/11/2010,0.712,6044.37,0.422
29/11/2010,0.111,744.27,0.063
30/11/2010,1.064,10585.54,0.678
01/12/2010,1.61,16173.78,0.967
02/12/2010,1.382,14261.93,0.813
03/12/2010,1.359,14361.75,0.799
04/12/2010,2.489,28480.9,1.597
05/12/2010,1.13,12162.38,0.652
06/12/2010,0.671,6029.35,0.366
07/12/2010,1.075,8604.11,0.626
08/12/2010,1.114,8761.25,0.648
09/12/2010,0.826,5827.58,0.461
10/12/2010,17.137,846268.66,14.152
11/12/2010,22.808,1528393.24,18.676
12/12/2010,6.832,221435.48,4.838
13/12/2010,4.174,99379.88,2.778
14/12/2010,3.218,62477.91,2.082
15/12/2010,2.952,49432.73,1.878
16/12/2010,72.696,1823157.25,67.265
17/12/2010,12.409,210664.16,10.067
18/12/2010,0.984,9834.26,0.566
19/12/2010,1.239,10544.95,0.729
20/12/2010,1.358,9811.88,0.803
21/12/2010,3.108,23234.87,2.07
22/12/2010,1.675,10344.49,1.014
23/12/2010,1.207,6680.01,0.704
24/12/2010,1.238,6384.71,0.726
25/12/2010,1.266,5753.2,0.74
26/12/2010,13.335,697243.36,11.189
27/12/2010,57.997,6495266.09,53.37
28/12/2010,17.829,1088311.42,14.033
29/12/2010,7.07,177489.38,5.003
30/12/2010,6.046,114666.05,4.185
31/12/2010,6.141,95578.44,4.261
01/01/2011,4.663,59622.24,3.146
02/01/2011,2.859,30664,1.844
03/01/2011,2.915,28402.99,1.958
04/01/2011,2.679,24527.5,1.753
05/01/2011,1.295,10457.33,0.767
06/01/2011,3.869,31015.11,2.583
07/01/2011,7.259,119514.38,5.58
08/01/2011,10.761,190580.91,8.382
09/01/2011,2.806,28420.84,1.951
10/01/2011,43.745,3530806.24,38.606
11/01/2011,11.506,398362.89,8.66
12/01/2011,21.295,1367939.41,17.326
13/01/2011,6.742,170198.44,4.749
14/01/2011,6.599,127570.45,4.645
15/01/2011,21.838,1126164.68,17.538
16/01/2011,7.72,214101.45,5.525
17/01/2011,8.238,159107.07,6.009
18/01/2011,2.925,40255.05,1.887
19/01/2011,7.566,100783.92,5.593
20/01/2011,54.911,810619.1,49.238
21/01/2011,20.262,264147.09,17.611
22/01/2011,1.264,10274.72,0.744
23/01/2011,1.98,16052.05,1.226
24/01/2011,1.294,9473.38,0.757
25/01/2011,1.341,9721.87,0.789
26/01/2011,1.654,11553.18,0.994
27/01/2011,1.262,7574.18,0.737
28/01/2011,3.093,21324.11,2.247
29/01/2011,1.503,7903.97,0.897
30/01/2011,2.385,12945.19,1.564
31/01/2011,7.224,41260.49,5.269
01/02/2011,4.086,22573.06,2.902
02/02/2011,2.324,11195.99,1.501
03/02/2011,3.551,21066.46,2.757
04/02/2011,3.204,16601.53,2.164
05/02/2011,8.116,80177.13,5.933
06/02/2011,13.7,207811.78,10.591
07/02/2011,6.405,73246.14,4.489
08/02/2011,14.33,739591.5,12.177
09/02/2011,85.735,10323151.03,81.034
10/02/2011,26.385,1631457.01,22.052
11/02/2011,8.634,201547.31,6.24
12/02/2011,5.603,99887.78,3.852
13/02/2011,36.939,2917559.37,32.303
14/02/2011,6.592,137586.64,4.644
15/02/2011,14.997,583775.54,11.973
16/02/2011,52.606,1638113.81,46.458
17/02/2011,16.311,443317.2,13.009
18/02/2011,66.018,2066120.79,59.655
19/02/2011,52.604,2574160.46,47.029
20/02/2011,15.209,321188.76,11.711
21/02/2011,13.314,326266.36,10.24
22/02/2011,10.058,209297.59,7.585
23/02/2011,4.622,73548.53,3.116
24/02/2011,3.28,40928.3,2.125
25/02/2011,48.78,767106.98,42.863
26/02/2011,9.262,125925.75,6.973
27/02/2011,2.113,24661.3,1.442
28/02/2011,2,17424.95,1.243
01/03/2011,2.277,17934.21,1.42
02/03/2011,2.014,14701.53,1.247
03/03/2011,1.75,11491.53,1.062
04/03/2011,1.472,8904.89,0.876
05/03/2011,1.383,7781.41,0.816
06/03/2011,1.212,6291.38,0.706
07/03/2011,1.035,4993.16,0.594
08/03/2011,1.023,4804.18,0.595
09/03/2011,1.298,5708.48,0.762
10/03/2011,3.476,16290.91,2.289
11/03/2011,2.909,13209.41,1.96
12/03/2011,2.39,11527.29,1.533
13/03/2011,1.14,4257.1,0.661
14/03/2011,0.961,3138.4,0.548
15/03/2011,1.559,5807.54,0.936
16/03/2011,0.994,3133.85,0.569
17/03/2011,0.775,2255.28,0.43
18/03/2011,0.896,2476.73,0.521
19/03/2011,0.929,2435.85,0.525
20/03/2011,1.343,4015.01,0.792
21/03/2011,1.112,2874.18,0.641
22/03/2011,0.923,2196.53,0.521
23/03/2011,1.057,2465.81,0.609
24/03/2011,0.771,1700.01,0.426
25/03/2011,1.838,4487.58,1.128
26/03/2011,2.16,5122.95,1.335
27/03/2011,2.082,4625.03,1.282
28/03/2011,2.138,4504.39,1.326
29/03/2011,2.364,5239.36,1.479
30/03/2011,2.559,5605.96,1.612
31/03/2011,3.157,7556.57,2.041
01/04/2011,2.947,7092.2,1.901
02/04/2011,2.335,4821.82,1.458
03/04/2011,2.107,3759.3,1.299
04/04/2011,2.11,3699.74,1.302
05/04/2011,2.918,6293.12,1.871
06/04/2011,2.13,3620.09,1.314
07/04/2011,2.038,3183.25,1.253
08/04/2011,1.892,2864.53,1.152
09/04/2011,1.999,2998.44,1.224
10/04/2011,1.901,2749.37,1.158
11/04/2011,1.98,2776.24,1.213
12/04/2011,1.972,2556.12,1.206
13/04/2011,2.921,5709.22,1.869
14/04/2011,2.367,3920.96,1.484
15/04/2011,2.129,3217.15,1.338
16/04/2011,1.829,2488.92,1.109
17/04/2011,1.954,2579.96,1.194
18/04/2011,2.229,2971.49,1.395
19/04/2011,1.788,2215.95,1.082
20/04/2011,1.795,2104.74,1.086
21/04/2011,1.868,2151.93,1.147
22/04/2011,1.741,1990.54,1.05
23/04/2011,1.595,1681.34,0.952
24/04/2011,1.574,1547.7,0.939
25/04/2011,1.573,1497.62,0.938
26/04/2011,1.563,1440.73,0.932
27/04/2011,1.586,1408,0.948
28/04/2011,1.52,1295.97,0.903
29/04/2011,1.755,1422.16,1.07
30/04/2011,1.724,1344.58,1.039
01/05/2011,1.836,1448.15,1.113
02/05/2011,2.255,1641,1.435
03/05/2011,1.701,1210.93,1.094
04/05/2011,3.177,3381.59,2.128
05/05/2011,2.998,3660.7,1.959
06/05/2011,5.462,13007.55,3.752
07/05/2011,2.902,3780.55,1.853
08/05/2011,3.509,4571.73,2.297
09/05/2011,2.504,2268.56,1.58
10/05/2011,2.063,1594.19,1.268
11/05/2011,2.249,1597.97,1.431
12/05/2011,1.832,1129.89,1.112
13/05/2011,1.731,1033.56,1.043
14/05/2011,2.063,1297.49,1.272
15/05/2011,2.387,1460.72,1.502
16/05/2011,2.791,1608.82,1.798
17/05/2011,2.645,1476.47,1.68
18/05/2011,2.183,1165.15,1.35
19/05/2011,2.046,1014.55,1.257
20/05/2011,2.637,1568.74,1.681
21/05/2011,2.584,1685.62,1.636
22/05/2011,2.702,1711.97,1.718
23/05/2011,3.514,2510.2,2.315
24/05/2011,2.483,991.89,1.558
25/05/2011,2.321,1022.89,1.445
26/05/2011,2.405,1186.76,1.504
27/05/2011,2.375,903.61,1.484
28/05/2011,2.247,848.05,1.394
29/05/2011,2.449,934.87,1.534
30/05/2011,2.543,944.79,1.599
31/05/2011,2.392,826.6,1.494
01/06/2011,3.28,1108.53,2.119
02/06/2011,3.467,1204.71,2.263
03/06/2011,3.545,1118.74,2.331
04/06/2011,3.719,963.91,2.44
05/06/2011,3.524,1086.18,2.299
06/06/2011,3.387,1030.37,2.201
07/06/2011,3.802,1507.91,2.516
08/06/2011,3.689,1207.43,2.427
09/06/2011,3.608,1281.76,2.372
10/06/2011,6.969,3717.48,5.076
11/06/2011,4.252,1431.46,2.868
12/06/2011,15.173,68817.38,12.098
13/06/2011,6.934,5968.86,4.916
14/06/2011,3.471,1266.08,2.264
15/06/2011,3.222,1114.25,2.081
16/06/2011,3.242,923.02,2.096
17/06/2011,23.428,176562.55,19.765
18/06/2011,8.114,12749.02,5.88
19/06/2011,3.736,2219.4,2.464
20/06/2011,3.568,2343.03,2.336
21/06/2011,5.681,8165.83,3.939
22/06/2011,3.317,1846.71,2.158
23/06/2011,2.663,1090.92,1.683
24/06/2011,15.986,198796.8,13.378
25/06/2011,11.904,64197.53,9.196
26/06/2011,3.746,4710.3,2.469
27/06/2011,3.055,2417.29,1.969
28/06/2011,2.542,1226.69,1.601
29/06/2011,3.386,1775.37,2.202
30/06/2011,4.186,2145.01,2.784
01/07/2011,4.28,1853.59,2.855
02/07/2011,4.101,1690.22,2.721
03/07/2011,4.052,1709.18,2.684
04/07/2011,4.778,1901.57,3.24
05/07/2011,10.764,18863.92,8.206
06/07/2011,8.092,11471.25,5.841
07/07/2011,8.228,9998.56,5.911
08/07/2011,64.009,2229975.1,62.464
09/07/2011,18.312,176965.3,15.009
10/07/2011,5.208,11042.95,3.566
11/07/2011,3.78,4720.14,2.488
12/07/2011,3.769,3487.61,2.483
13/07/2011,3.681,2594.05,2.413
14/07/2011,9.633,7168.23,7.714
15/07/2011,8.345,5077.08,6.322
16/07/2011,5.83,3447.91,4.072
17/07/2011,6.271,3776.89,4.614
18/07/2011,4.301,1906.28,2.919
19/07/2011,4.389,1681.74,2.954
20/07/2011,4.103,1223.34,2.727
21/07/2011,3.809,1072.1,2.506
22/07/2011,3.616,906.04,2.366
23/07/2011,3.44,685.59,2.238
24/07/2011,3.45,716.05,2.245
25/07/2011,3.392,806.65,2.202
26/07/2011,3.832,1259.41,2.522
27/07/2011,3.697,691.04,2.427
28/07/2011,4.514,2255.1,3.034
29/07/2011,4.288,1097.82,2.872
30/07/2011,3.648,800.36,2.388
31/07/2011,4.038,1066.12,2.679
01/08/2011,5.103,2199.81,3.479
02/08/2011,3.966,785.7,2.623
03/08/2011,4.119,705.83,2.757
04/08/2011,3.762,831.31,2.474
05/08/2011,3.921,544.18,2.653
06/08/2011,12.988,29070.42,10.416
07/08/2011,14.529,16745.33,11.097
08/08/2011,8.757,7116.52,6.472
09/08/2011,3.79,838.06,2.496
10/08/2011,3.359,629.72,2.179
11/08/2011,11.083,14076.97,8.628
12/08/2011,5.129,1517.88,3.48
13/08/2011,6.785,1933.25,4.871
14/08/2011,5.508,886.25,3.797
15/08/2011,3.814,489.03,2.518
16/08/2011,3.929,896.37,2.595
17/08/2011,3.182,404.19,2.054
18/08/2011,3.095,472.8,1.992
19/08/2011,3.042,538.13,1.969
20/08/2011,4.009,1205.55,2.683
21/08/2011,3.439,1025.26,2.24
22/08/2011,2.896,420.08,1.849
23/08/2011,2.817,347.17,1.795
24/08/2011,3.248,789.59,2.103
25/08/2011,3.682,491.72,2.511
26/08/2011,4.447,727.86,3.268
27/08/2011,2.646,278.3,1.668
28/08/2011,2.778,292.81,1.769
29/08/2011,2.63,274.28,1.662
30/08/2011,2.574,304.53,1.621
31/08/2011,2.575,300.72,1.623
01/09/2011,2.675,279.97,1.692
02/09/2011,3.861,334.51,2.697
03/09/2011,3.134,453.82,2.018
04/09/2011,4.543,1466.22,3.107
05/09/2011,3.717,785.62,2.441
06/09/2011,4.167,1197.02,2.776
07/09/2011,3.075,396.65,1.98
08/09/2011,2.448,292.78,1.534
09/09/2011,3.334,715.85,2.203
10/09/2011,12.638,32621.11,9.89
11/09/2011,6.704,3468.22,4.721
12/09/2011,4.8,3341.05,3.236
13/09/2011,5.068,1552.64,3.779
14/09/2011,2.183,360.64,1.352
15/09/2011,2.722,458.52,1.799
16/09/2011,10.467,8084.7,8.603
17/09/2011,3.56,1051.96,2.342
18/09/2011,3.109,859.74,2.013
19/09/2011,2.563,467.02,1.619
20/09/2011,2.482,395.2,1.564
21/09/2011,2.169,283.05,1.342
22/09/2011,2.064,244.21,1.269
23/09/2011,5.276,599.46,3.832
24/09/2011,2.537,283.7,1.599
25/09/2011,2.674,372.53,1.691
26/09/2011,2.462,327.38,1.547
27/09/2011,2.172,221.53,1.342
28/09/2011,2.723,330.52,1.739
29/09/2011,3.338,384.61,2.243
30/09/2011,2.313,302.97,1.441
01/10/2011,29.817,153551.6,27.399
02/10/2011,11.178,25776.47,8.456
03/10/2011,3.564,4239.36,2.343
04/10/2011,2.19,1310.11,1.358
05/10/2011,2.264,1021.99,1.409
06/10/2011,2.755,1052.68,1.753
07/10/2011,2.458,578.29,1.547
08/10/2011,2.153,453.96,1.328
09/10/2011,2.179,484.73,1.352
10/10/2011,2.112,431.05,1.302
11/10/2011,2.065,337.94,1.269
12/10/2011,1.997,349.37,1.224
13/10/2011,2.085,328.38,1.288
14/10/2011,2.578,481.92,1.674
15/10/2011,2.964,605.06,1.918
16/10/2011,2.091,404.43,1.288
17/10/2011,2.891,584.28,1.858
18/10/2011,2.55,579.44,1.613
19/10/2011,2.273,306.75,1.425
20/10/2011,1.984,254.15,1.221
21/10/2011,2.589,399.24,1.712
22/10/2011,3.372,1638.62,2.247
23/10/2011,37.239,387789.77,33.136
24/10/2011,82.092,7514041.02,78.458
25/10/2011,27.668,946273.33,22.932
26/10/2011,11.8,161033.42,8.83
27/10/2011,5.969,45231.04,4.147
28/10/2011,3.857,17865.55,2.546
29/10/2011,5.932,34004.21,4.121
30/10/2011,4.389,24369.57,2.949
31/10/2011,6.589,52698.81,4.606
01/11/2011,4.706,36597.44,3.195
02/11/2011,6.232,57168.57,4.534
03/11/2011,15.192,212045.18,11.914
04/11/2011,12.1,197540.47,9.186
05/11/2011,4.073,30629.57,2.713
06/11/2011,3.043,16348.97,1.962
07/11/2011,2.397,10477.28,1.499
08/11/2011,2.537,10582.26,1.595
09/11/2011,27.224,885117.77,23.203
10/11/2011,6.319,76814,4.441
11/11/2011,60.25,6664758.57,58.424
12/11/2011,12.87,284659.02,9.857
13/11/2011,5.314,56129.45,3.637
14/11/2011,4.037,32239.04,2.677
15/11/2011,3.596,24091.95,2.353
16/11/2011,35.056,3461650.04,32.502
17/11/2011,30.819,2173301.74,26.12
18/11/2011,23.533,1491228.54,19.155
19/11/2011,8.027,163747.84,5.772
20/11/2011,4.894,61686.91,3.316
21/11/2011,4.181,42287.08,2.782
22/11/2011,3.804,31251.95,2.505
23/11/2011,3.814,27298.14,2.508
24/11/2011,4.238,28826.69,2.819
25/11/2011,5.317,41364.16,3.672
26/11/2011,3.48,22387.79,2.266
27/11/2011,6.196,45889.56,4.375
28/11/2011,3.819,23280.01,2.516
29/11/2011,42.829,3239372.94,38.806
30/11/2011,11.072,225337.47,8.259
01/12/2011,16.901,632831.34,13.64
02/12/2011,5.005,63393.76,3.401
03/12/2011,4.002,45616.74,2.651
04/12/2011,3.623,33017.24,2.37
05/12/2011,3.443,26762.81,2.241
06/12/2011,3.202,22266.82,2.067
07/12/2011,3.123,19613.07,2.011
08/12/2011,3.78,24130.32,2.489
09/12/2011,3.241,18414.17,2.099
10/12/2011,3.065,15613.88,1.972
11/12/2011,4.452,28569.91,2.99
12/12/2011,20.49,747538.11,17.561
13/12/2011,20.242,763842.02,16.646
14/12/2011,4.667,49192.22,3.151
15/12/2011,3.678,31125.2,2.415
16/12/2011,3.198,22959.81,2.066
17/12/2011,3.172,18985.18,2.05
18/12/2011,2.71,14536.89,1.717
19/12/2011,17.685,407154.96,14.361
20/12/2011,9.898,191271.39,7.464
21/12/2011,11.854,267743.51,9.11
22/12/2011,4.126,43720.35,2.746
23/12/2011,13.191,293906.8,10.187
24/12/2011,4.738,55063.87,3.208
25/12/2011,3.633,32099.78,2.378
26/12/2011,3.494,26388.05,2.277
27/12/2011,3.306,22690.94,2.14
28/12/2011,9.267,98862.68,6.816
29/12/2011,4.101,31565.8,2.722
30/12/2011,4.614,39075.19,3.11
31/12/2011,4.155,36182,2.766
01/01/2012,15.215,228853.02,12.19
02/01/2012,5.718,53097.79,3.968
03/01/2012,70.646,4918063.67,66.198
04/01/2012,8.332,134488.9,6.031
05/01/2012,5.365,60152.79,3.668
06/01/2012,4.452,40282.81,2.981
07/01/2012,4.502,36747.04,3.017
08/01/2012,4.379,31889.4,2.925
09/01/2012,4.456,29955.45,2.983
10/01/2012,3.782,22995.02,2.487
11/01/2012,4.071,23706.99,2.711
12/01/2012,3.394,18378.82,2.206
13/01/2012,2.673,12770.97,1.693
14/01/2012,2.524,11643.21,1.588
15/01/2012,2.365,10247.66,1.475
16/01/2012,2.259,8908.25,1.403
17/01/2012,2.462,9249.85,1.542
18/01/2012,2.812,10389.72,1.787
19/01/2012,3.205,12013.98,2.07
20/01/2012,2.9,9823.21,1.852
21/01/2012,4.161,14641.39,2.777
22/01/2012,3.174,9849.93,2.049
23/01/2012,2.715,7724.37,1.72
24/01/2012,5.219,19433.61,3.567
25/01/2012,6.354,32759.35,4.548
26/01/2012,16.032,115403.28,12.44
27/01/2012,5.705,29637.48,3.942
28/01/2012,4.092,17507.87,2.715
29/01/2012,30.257,988769.47,26.06
30/01/2012,31.321,1231568.36,26.461
31/01/2012,16.335,496222.51,12.779
01/02/2012,5.843,74408.88,4.051
02/02/2012,3.749,32627.99,2.466
03/02/2012,3.249,23510.49,2.101
04/02/2012,4.144,32416.1,2.757
05/02/2012,3.751,29738.14,2.475
06/02/2012,3.095,22080.37,1.992
07/02/2012,2.919,18522.95,1.866
08/02/2012,2.931,16884.72,1.874
09/02/2012,2.763,14832.37,1.755
10/02/2012,6.279,47282.81,4.389
11/02/2012,15.674,265954.47,12.286
12/02/2012,5.928,67188.1,4.127
13/02/2012,3.81,31619.45,2.51
14/02/2012,3.497,23960.97,2.28
15/02/2012,3.122,18449.2,2.011
16/02/2012,3.038,16270.12,1.949
17/02/2012,3.182,16197.11,2.052
18/02/2012,3.613,18224.61,2.367
19/02/2012,3.107,12816.61,2
20/02/2012,2.848,10884.46,1.814
21/02/2012,3.102,11801.65,1.994
22/02/2012,4.195,17954.26,2.788
23/02/2012,3.727,14528.07,2.447
24/02/2012,4.095,14774.14,2.743
25/02/2012,3.221,10458.94,2.081
26/02/2012,3.057,9646.08,1.963
27/02/2012,3.471,10992.53,2.268
28/02/2012,3.402,9892.86,2.212
29/02/2012,3.479,9467,2.267
01/03/2012,3.578,9724.59,2.338
02/03/2012,3.871,10919.11,2.557
03/03/2012,6.264,24652.77,4.374
04/03/2012,4.8,15286.1,3.261
05/03/2012,3.345,8778.06,2.178
06/03/2012,3.185,8250.77,2.053
07/03/2012,4.239,12827.2,2.825
08/03/2012,3.953,9486.85,2.621
09/03/2012,3.916,9062.58,2.59
10/03/2012,3.424,7356.27,2.225
11/03/2012,3.441,7258.43,2.239
12/03/2012,4.127,8883.68,2.774
13/03/2012,3.133,6313.51,2.019
14/03/2012,3.581,7135.92,2.345
15/03/2012,3.997,8013.24,2.646
16/03/2012,5.834,14068.69,4.045
17/03/2012,25.851,245421.68,21.769
18/03/2012,28.819,283512.42,24.954
19/03/2012,5.555,22712.99,3.829
20/03/2012,4.637,15297.11,3.136
21/03/2012,3.948,11439.11,2.615
22/03/2012,8.353,24695.5,6.071
23/03/2012,5.151,14654.19,3.512
24/03/2012,3.964,9313.61,2.622
25/03/2012,3.688,7715.99,2.419
26/03/2012,3.512,6693.54,2.29
27/03/2012,3.61,6418.44,2.366
28/03/2012,4.237,7320.08,2.849
29/03/2012,3.37,5423.04,2.187
30/03/2012,3.469,5441.47,2.261
31/03/2012,3.592,5773.13,2.353
01/04/2012,3.468,5206.73,2.265
02/04/2012,3.168,4814.89,2.043
03/04/2012,3.241,4944.95,2.096
04/04/2012,3.731,6493.72,2.464
05/04/2012,3.114,4090.93,2.007
06/04/2012,3.956,5215.66,2.718
07/04/2012,3.513,4463.34,2.296
08/04/2012,3.679,4435.28,2.413
09/04/2012,4.19,8046.71,2.787
10/04/2012,5.799,9586.26,4.017
11/04/2012,3.856,5077.08,2.59
12/04/2012,3.271,3958.76,2.118
13/04/2012,5.31,9182.08,3.66
14/04/2012,8.767,17194.9,6.382
15/04/2012,4.959,5710.56,3.373
16/04/2012,3.323,3574.25,2.15
17/04/2012,34.849,347201.32,30.332
18/04/2012,61.822,2085628.91,58.905
19/04/2012,9.247,72620.5,6.849
20/04/2012,5.464,25044.27,3.746
21/04/2012,4.602,16972.41,3.109
22/04/2012,3.346,9882.59,2.172
23/04/2012,3.372,9628.72,2.193
24/04/2012,3.085,7152.58,1.996
25/04/2012,36.663,1746890.39,33.196
26/04/2012,11.575,177963.44,8.773
27/04/2012,4.923,35932.82,3.349
28/04/2012,3.282,16435.18,2.126
29/04/2012,11.573,162122.35,9.003
30/04/2012,14.47,263577.39,11.393
01/05/2012,89.054,16331100.28,86.843
02/05/2012,22.406,1230757.51,18.346
03/05/2012,8.368,141518.94,6.036
04/05/2012,5.727,65198.2,3.95
05/05/2012,4.753,41946.85,3.209
06/05/2012,3.998,28980.97,2.646
07/05/2012,20.222,561692.08,16.829
08/05/2012,5.082,49695.22,3.469
09/05/2012,5.683,62720.63,3.925
10/05/2012,26.19,934206.89,22.169
11/05/2012,5.53,60092.6,3.811
12/05/2012,4,30518.5,2.649
13/05/2012,3.694,24736.19,2.426
14/05/2012,3.722,22641.3,2.448
15/05/2012,3.445,17639.51,2.244
16/05/2012,3.231,14511.51,2.088
17/05/2012,3.118,13754.55,2.007
18/05/2012,3.694,17220.25,2.417
19/05/2012,5.253,25911.82,3.627
20/05/2012,4.882,19283.6,3.321
21/05/2012,3.889,13315.13,2.558
22/05/2012,12.179,44554.13,9.42
23/05/2012,12.165,41737.13,9.366
24/05/2012,5.357,14738.19,3.663
25/05/2012,4.967,12803.2,3.368
26/05/2012,4.686,11349.32,3.156
27/05/2012,7.398,17674.55,5.31
28/05/2012,5.167,11026.79,3.523
29/05/2012,5.139,10246.85,3.499
30/05/2012,4.731,8924.1,3.19
31/05/2012,5.134,11185.52,3.488
01/06/2012,5.061,9380.8,3.454
02/06/2012,7.182,29361.88,5.243
03/06/2012,67.798,1659587.9,63.928
04/06/2012,57.259,437138.95,50.848
05/06/2012,40.015,254128.26,34.746
06/06/2012,91.508,689626.37,85.755
07/06/2012,95.644,9925633.19,94.066
08/06/2012,28.94,1938803.11,24.203
09/06/2012,11.652,231633.88,8.732
10/06/2012,6.38,63311.4,4.465
11/06/2012,4.337,30772.82,2.898
12/06/2012,3.938,24345.32,2.605
13/06/2012,78.565,2038674.18,85.904
14/06/2012,47.442,5305122.82,46.344
15/06/2012,62.627,11526698.61,56.956
16/06/2012,33.609,4441657.93,28.433
17/06/2012,14.158,431721.48,10.824
18/06/2012,8.73,169574.16,6.315
19/06/2012,7.061,106175.46,4.993
20/06/2012,6.126,73309.26,4.234
21/06/2012,101.241,26310218.3,102.977
22/06/2012,19.641,713925.07,15.644
23/06/2012,8.832,169170.03,6.394
24/06/2012,7.112,109268.51,5.024
25/06/2012,6.172,73576.24,4.291
26/06/2012,7.2,86444.14,5.108
27/06/2012,4.726,45492.95,3.184
28/06/2012,69.638,14351076.43,69.061
29/06/2012,15.66,509127.08,12.262
30/06/2012,5.599,72881.01,3.856
01/07/2012,4.324,41440.99,2.887
02/07/2012,4.354,39791.03,2.913
03/07/2012,2.045,15564.79,1.256
04/07/2012,7.398,67945.36,5.426
05/07/2012,2.228,14190.04,1.382
06/07/2012,1.966,72711.1,1.202
07/07/2012,2.083,63607.35,1.282
08/07/2012,1.914,20465.31,1.166
09/07/2012,2.094,18390.43,1.29
10/07/2012,2.006,15137.8,1.231
11/07/2012,5.743,46881.05,4.255
12/07/2012,2.571,18120.99,1.645
13/07/2012,1.938,24343.85,1.181
14/07/2012,1.821,17116.49,1.109
15/07/2012,1.673,11171.99,1.006
16/07/2012,1.629,10232.4,0.975
17/07/2012,2.696,15235.61,1.681
18/07/2012,6.667,43580,4.756
19/07/2012,2.844,14495.62,1.827
20/07/2012,1.928,8088.93,1.177
21/07/2012,1.747,6343.46,1.054
22/07/2012,2.214,8097.18,1.391
23/07/2012,6.209,25215.87,4.431
24/07/2012,11.428,49340.17,8.894
25/07/2012,4.979,17351.83,3.431
26/07/2012,2.873,7936.38,1.849
27/07/2012,2.495,6332.59,1.578
28/07/2012,3.798,10677.36,2.593
29/07/2012,7.581,20297.16,5.653
30/07/2012,4.01,9223.87,2.697
31/07/2012,3.595,12251.35,2.383
01/08/2012,10.564,99823.66,8.064
02/08/2012,3.5,16056.15,2.297
03/08/2012,2.739,164511.03,1.743
04/08/2012,6.381,162539.23,4.521
05/08/2012,3.186,217832.94,2.066
06/08/2012,2.877,108328.81,1.854
07/08/2012,2.645,34755.4,1.673
08/08/2012,3.407,36733.7,2.308
09/08/2012,2.662,22261.29,1.692
10/08/2012,3.085,22985.19,2.038
11/08/2012,3.417,22787.35,2.275
12/08/2012,5.037,34503.76,3.459
13/08/2012,17.438,203828.88,14.327
14/08/2012,3.904,25433.28,2.591
15/08/2012,12.63,1567386.57,10.235
16/08/2012,5.423,532889.94,3.737
17/08/2012,8.534,1815012.92,6.248
18/08/2012,3.534,85274.6,2.312
19/08/2012,2.772,43254.28,1.763
20/08/2012,2.573,31417.74,1.621
21/08/2012,2.646,27027.56,1.679
22/08/2012,6.495,64480.51,4.688
23/08/2012,3.326,26523.05,2.168
24/08/2012,8.156,810124.74,6.406
25/08/2012,6.028,275880.53,4.266
26/08/2012,2.771,35000.7,1.767
27/08/2012,19.861,4599839.49,17.07
28/08/2012,3.648,85897.79,2.414
29/08/2012,10.82,318192.38,8.479
30/08/2012,4.393,75662.12,2.985
31/08/2012,2.698,31172.6,1.711
01/09/2012,2.73,27162.11,1.733
02/09/2012,2.651,22606.66,1.675
03/09/2012,3.548,28436.61,2.321
04/09/2012,4.535,34775.44,3.043
05/09/2012,4.299,29031.72,2.869
06/09/2012,4.173,25347.96,2.774
07/09/2012,4.3,24215.52,2.866
08/09/2012,4.261,22557.94,2.844
09/09/2012,4.862,26586.47,3.283
10/09/2012,6.212,34695.16,4.355
11/09/2012,5.373,24692.85,3.712
12/09/2012,3.907,15196.37,2.581
13/09/2012,4.038,14187.59,2.678
14/09/2012,3.792,12529.56,2.495
15/09/2012,3.758,11564.24,2.468
16/09/2012,4.34,14757.96,2.902
17/09/2012,3.962,11427.34,2.624
18/09/2012,3.563,9116.85,2.328
19/09/2012,3.938,9394.05,2.604
20/09/2012,4.303,10308.3,2.873
21/09/2012,6.008,16733.76,4.233
22/09/2012,3.644,7542.56,2.386
23/09/2012,3.465,7168.8,2.255
24/09/2012,3.965,9145.09,2.629
25/09/2012,10.293,44445.32,7.769
26/09/2012,8.932,31827.81,6.623
27/09/2012,6.076,15437.11,4.268
28/09/2012,3.472,7298.33,2.263
29/09/2012,3.404,6167.12,2.212
30/09/2012,3.771,7895.19,2.48
01/10/2012,3.614,7436.34,2.365
02/10/2012,4.139,8699.44,2.804
03/10/2012,3.603,6583.19,2.357
04/10/2012,3.376,5643.01,2.197
05/10/2012,3.418,5807.78,2.225
06/10/2012,3.575,5604.6,2.337
07/10/2012,3.642,5305.9,2.394
08/10/2012,5.456,13746.25,3.744
09/10/2012,5.409,10912.66,3.742
10/10/2012,7.685,37475.7,5.622
11/10/2012,47.314,1139681.55,41.968
12/10/2012,10.62,89064.91,7.968
13/10/2012,4.225,18462.35,2.819
14/10/2012,3.306,11263.49,2.145
15/10/2012,9.601,92066.36,7.63
16/10/2012,26.407,260464.28,22.437
17/10/2012,139.754,34082809.21,145.684
18/10/2012,33.202,1275082.15,28.13
19/10/2012,9.561,128754.05,7.02
20/10/2012,5.451,48115.64,3.739
21/10/2012,4.404,30831.16,2.946
22/10/2012,4.275,25825.72,2.854
23/10/2012,4.137,22382.6,2.75
24/10/2012,3.661,19075.21,2.399
25/10/2012,3.716,18220.15,2.439
26/10/2012,3.569,16226.02,2.331
27/10/2012,3.131,11962.43,2.016
28/10/2012,3.26,12735.79,2.107
29/10/2012,3.206,12189.93,2.072
30/10/2012,3.025,10470.19,1.951
31/10/2012,85.603,6510672.26,85.88
01/11/2012,15.092,171367.13,11.809
02/11/2012,5.371,33316.07,3.684
03/11/2012,3.919,18927.33,2.588
04/11/2012,73.575,12224501.73,72.579
05/11/2012,53.264,5713177.24,48.876
06/11/2012,9.157,111653.62,6.687
07/11/2012,5.629,48829.36,3.872
08/11/2012,4.806,34410.81,3.25
09/11/2012,25.516,669835.57,21.724
10/11/2012,9.98,117457.23,7.435
11/11/2012,5.454,40838.79,3.747
12/11/2012,25.331,357828.93,20.748
13/11/2012,11.588,130389.72,8.637
14/11/2012,8.068,87011.55,5.823
15/11/2012,4.475,36664.95,3.003
16/11/2012,3.589,24934.23,2.348
17/11/2012,3.456,21017.19,2.249
18/11/2012,12.958,402320.67,10.64
19/11/2012,97.496,11806566.36,93.768
20/11/2012,29.214,1100087.54,24.287
21/11/2012,9.432,140021.17,6.9
22/11/2012,70.948,11821971.97,66.843
23/11/2012,21.39,709893.72,17.451
24/11/2012,39.477,4491665.71,36.232
25/11/2012,107.576,32150507.04,108.406
26/11/2012,60.431,8681762.98,55.99
27/11/2012,13.464,298027.03,10.233
28/11/2012,9.341,150092.11,6.8
29/11/2012,7.506,99516.78,5.33
30/11/2012,7.048,79967.41,4.967
01/12/2012,6.659,65423.93,4.704
02/12/2012,14.903,282694.17,11.863
03/12/2012,15.291,298795.24,12.154
04/12/2012,6.124,65763.76,4.261
05/12/2012,5.752,55352.17,3.978
06/12/2012,6.533,65149.22,4.654
07/12/2012,8.167,85086.43,5.913
08/12/2012,4.463,39332.57,3.012
09/12/2012,3.631,29086.94,2.376
10/12/2012,4.979,36398.22,3.384
11/12/2012,7.372,53837.09,5.41
12/12/2012,3.924,25868.68,2.592
13/12/2012,5.915,40010.85,4.101
14/12/2012,89.036,11222591.52,88.512
15/12/2012,13.711,250334.29,10.518
16/12/2012,  ,  ,  
17/12/2012,  ,  ,  
18/12/2012,  ,  ,  
19/12/2012,  ,  ,  
20/12/2012,  ,  ,  
21/12/2012,  ,  ,  
22/12/2012,  ,  ,  
23/12/2012,  ,  ,  
24/12/2012,  ,  ,  
25/12/2012,  ,  ,  
26/12/2012,  ,  ,  
27/12/2012,  ,  ,  
28/12/2012,  ,  ,  
29/12/2012,  ,  ,  
30/12/2012,  ,  ,  
31/12/2012,  ,  ,  
01/01/2013,  ,  ,  
02/01/2013,  ,  ,  
03/01/2013,  ,  ,  
04/01/2013,  ,  ,  
05/01/2013,  ,  ,  
06/01/2013,  ,  ,  
07/01/2013,  ,  ,  
08/01/2013,  ,  ,  
09/01/2013,  ,  ,  
10/01/2013,  ,  ,  
11/01/2013,  ,  ,  
12/01/2013,  ,  ,  
13/01/2013,  ,  ,  
14/01/2013,  ,  ,  
15/01/2013,  ,  ,  
16/01/2013,  ,  ,  
17/01/2013,  ,  ,  
18/01/2013,  ,  ,  
19/01/2013,  ,  ,  
20/01/2013,  ,  ,  
21/01/2013,  ,  ,  
22/01/2013,  ,  ,  
23/01/2013,  ,  ,  
24/01/2013,8.033,87225.21,5.794
25/01/2013,161.491,56585620.75,169.647
26/01/2013,76.491,12301566.43,72.546
27/01/2013,36.227,1823894.03,31.397
28/01/2013,50.308,4161175.5,46.734
29/01/2013,24.601,944549.84,20.125
30/01/2013,12.006,277129.32,9.05
31/01/2013,28.064,776521.5,24.321
01/02/2013,7.325,114830.36,5.187
02/02/2013,6.16,79281.37,4.28
03/02/2013,16.735,329798.86,13.371
04/02/2013,6.747,89226.35,4.736
05/02/2013,7.364,91825.24,5.198
06/02/2013,7.312,80889.61,5.291
07/02/2013,17.284,315484.16,14.145
08/02/2013,8.205,101550.34,6.005
09/02/2013,4.928,50305.72,3.34
10/02/2013,82.603,7307870.43,78.632
11/02/2013,35.22,2084331.94,30.772
12/02/2013,8.64,151005.89,6.248
13/02/2013,38.185,2250263.18,33.214
14/02/2013,31.909,1900067.54,28.039
15/02/2013,7.201,116984.09,5.109
16/02/2013,6.412,89685.43,4.5
17/02/2013,5.325,64834.78,3.638
18/02/2013,4.899,51531.81,3.315
19/02/2013,4.795,44604.97,3.236
20/02/2013,4.347,35946.42,2.902
21/02/2013,4.69,35777.6,3.167
22/02/2013,4.123,28325.13,2.739
23/02/2013,6.39,44583.96,4.666
24/02/2013,4.397,26988.91,2.942
25/02/2013,4.763,27484.68,3.217
26/02/2013,4.514,24403.76,3.028
27/02/2013,4.202,21201.97,2.795
28/02/2013,4.076,19784.98,2.703
01/03/2013,5.81,28581.01,4.145
02/03/2013,6.048,28124.31,4.298
03/03/2013,4.109,16937.25,2.728
04/03/2013,3.676,14890.07,2.411
05/03/2013,4.555,19213.39,3.11
06/03/2013,7.707,41278.4,5.632
07/03/2013,71.213,4644260.74,68.502
08/03/2013,45.392,1546163.81,39.756
09/03/2013,13.41,183090.14,10.176
10/03/2013,55.937,3239367.66,52.659
11/03/2013,8.687,101048.03,6.292
12/03/2013,5.475,51065.11,3.759
13/03/2013,4.555,38293.22,3.062
14/03/2013,5.062,39623.67,3.485
15/03/2013,8.875,93388.89,6.699
16/03/2013,8.613,78385.81,6.355
17/03/2013,5.622,43660.02,3.933
18/03/2013,4.962,36987.27,3.366
19/03/2013,7.361,68264.66,5.247
20/03/2013,5.062,40510.16,3.443
21/03/2013,118.622,32948663.6,125.737
22/03/2013,154.214,61545611.84,155.191
23/03/2013,38.556,2462566.42,33.47
24/03/2013,15.103,411711.28,11.623
25/03/2013,9.615,191678.52,7.029
26/03/2013,7.462,116909.58,5.287
27/03/2013,7.051,92791.7,4.972
28/03/2013,6.62,76939.04,4.642
29/03/2013,5.65,58335.47,3.886
30/03/2013,7.057,66855.04,5.058
31/03/2013,6.264,54318.36,4.451
01/04/2013,4.934,37241.74,3.343
02/04/2013,5.106,35318.35,3.478
03/04/2013,5.1,33318.36,3.479
04/04/2013,4.619,27700.91,3.106
05/04/2013,4.353,24946.18,2.919
06/04/2013,4.247,22514.26,2.83
07/04/2013,3.953,20016.88,2.616
08/04/2013,4.253,21352.09,2.838
09/04/2013,3.969,18490.83,2.625
10/04/2013,4.244,18889,2.833
11/04/2013,42.47,743117.95,38.853
12/04/2013,10.384,71909.49,7.847
13/04/2013,7.65,51754.75,5.489
14/04/2013,46.446,1890189.82,42.052
15/04/2013,8.565,79133.36,6.191
16/04/2013,13.399,180997.78,10.402
17/04/2013,56.191,3763412.69,53.126
18/04/2013,12.076,158468.45,9.208
19/04/2013,5.77,43853.07,4.012
20/04/2013,4.562,29967.7,3.066
21/04/2013,4.877,31478.7,3.3
22/04/2013,4.017,23030.91,2.662
23/04/2013,5.134,26775.25,3.545
24/04/2013,4.129,19752.26,2.746
25/04/2013,3.869,17756.54,2.551
26/04/2013,3.967,17381.27,2.628
27/04/2013,3.804,15656.11,2.504
28/04/2013,3.645,14470.45,2.386
29/04/2013,3.826,14173.15,2.534
30/04/2013,3.513,11819.51,2.291
01/05/2013,3.905,13044.18,2.577
02/05/2013,3.967,12877.69,2.624
03/05/2013,3.947,12585.42,2.604
04/05/2013,5.151,18112.36,3.512
05/05/2013,4.01,11602.45,2.655
06/05/2013,4.274,12106.5,2.851
07/05/2013,4.44,12208.41,2.976
08/05/2013,23.871,265964.69,19.95
09/05/2013,7.487,36760,5.327
10/05/2013,5.06,17051.93,3.454
11/05/2013,4.301,13021.96,2.871
12/05/2013,3.923,11380.77,2.592
13/05/2013,4.028,11304.52,2.666
14/05/2013,4.513,13001.97,3.028
15/05/2013,4.866,13706.31,3.307
16/05/2013,3.816,8911.08,2.51
17/05/2013,5.229,12035.31,3.622
18/05/2013,4.013,8340.79,2.656
19/05/2013,5.715,12423.33,4.117
20/05/2013,4.32,8527.02,2.943
21/05/2013,4.061,7151.85,2.698
22/05/2013,4.752,8222.6,3.256
23/05/2013,4.549,7482.15,3.092
24/05/2013,3.751,5823.33,2.474
25/05/2013,3.937,5852.88,2.621
26/05/2013,5.213,8041.73,3.617
27/05/2013,17.393,101537.54,13.857
28/05/2013,7.426,17131.01,5.345
29/05/2013,4.364,7800.43,2.92
30/05/2013,4.949,7333.93,3.378
31/05/2013,4.113,5840.77,2.74
01/06/2013,6.645,9840.73,4.795
02/06/2013,3.803,5081.37,2.504
03/06/2013,4.495,5911.77,3.037
04/06/2013,4.348,5412.02,2.908
05/06/2013,4.723,5888.29,3.195
06/06/2013,4.969,5913.8,3.408
07/06/2013,5.401,5682.74,3.728
08/06/2013,4.308,4144.34,2.875
09/06/2013,4.581,4352.5,3.078
10/06/2013,4.898,4703.82,3.322
11/06/2013,9.7,18758.91,7.194
12/06/2013,6.325,10903.86,4.436
13/06/2013,13.157,20366.62,10.29
14/06/2013,18.091,92395.18,15.023
15/06/2013,12.591,29955.05,9.594
16/06/2013,7.213,12728.01,5.109
17/06/2013,15.022,71100.78,11.716
18/06/2013,5.7,8253.96,3.937
19/06/2013,8.338,9583.84,6.025
20/06/2013,7.191,7911.04,5.13
21/06/2013,6.007,6049.88,4.156
22/06/2013,6.301,6725.57,4.381
23/06/2013,7.075,7043.94,5.04
24/06/2013,5.419,4756.64,3.708
25/06/2013,5.323,4694.98,3.633
26/06/2013,5.49,4734.18,3.759
27/06/2013,5.956,5257.2,4.116
28/06/2013,6.245,5317.28,4.345
29/06/2013,6.462,5401.81,4.508
30/06/2013,6.22,4708.84,4.321
01/07/2013,6.867,4584.01,4.834
02/07/2013,6.731,5470.88,4.72
03/07/2013,5.434,3700.34,3.721
04/07/2013,5.516,3018.02,3.779
05/07/2013,6.132,3188.26,4.265
06/07/2013,5.529,2763.02,3.789
07/07/2013,5.884,2973.97,4.064
08/07/2013,5.546,2569.2,3.797
09/07/2013,6.079,2637.66,4.224
10/07/2013,6.488,2380.85,4.538
11/07/2013,5.825,2074.41,4.019
12/07/2013,6.274,2070.06,4.375
13/07/2013,7.575,2350.4,5.412
14/07/2013,5.545,1731.95,3.805
15/07/2013,11.961,3722.4,8.976
16/07/2013,10.473,2796.72,7.791
17/07/2013,6.842,1655.21,4.807
18/07/2013,6.766,1401.69,4.751
19/07/2013,7.154,1350.37,5.051
20/07/2013,7.036,1289.22,4.963
21/07/2013,5.862,936.02,4.049
22/07/2013,5.437,1138.8,3.721
23/07/2013,6.471,1596.5,4.544
24/07/2013,6.958,1452.1,4.983
25/07/2013,10.242,7507.92,7.531
26/07/2013,7.541,2244.23,5.595
27/07/2013,4.302,1035.57,2.922
28/07/2013,4.071,1029.6,2.696
29/07/2013,13.124,12403.7,10.646
30/07/2013,5.613,2146.44,3.867
31/07/2013,23.395,121227.74,19.598
01/08/2013,14.889,17716.36,11.472
02/08/2013,7.94,3865.93,5.732
03/08/2013,5.281,1676.79,3.604
04/08/2013,5.215,2497.59,3.548
05/08/2013,54.747,2442918.58,53.844
06/08/2013,6.775,10341.11,4.75
07/08/2013,5.727,4851.28,3.95
08/08/2013,5.379,3258.84,3.678
09/08/2013,5.375,2836.66,3.677
10/08/2013,5.206,2293.93,3.547
11/08/2013,5.211,2058.16,3.552
12/08/2013,5.356,1852.8,3.663
13/08/2013,5.278,1760.21,3.603
14/08/2013,5.387,1987.34,3.684
15/08/2013,6.051,3165.35,4.186
16/08/2013,6.299,3658.04,4.396
17/08/2013,6.968,2740.82,4.907
18/08/2013,5.896,1971.5,4.084
19/08/2013,5.245,1398.1,3.577
20/08/2013,5.364,1329.32,3.665
21/08/2013,5.726,1414.27,3.942
22/08/2013,5.89,1460.86,4.067
23/08/2013,5.863,1940.71,4.046
24/08/2013,5.496,1628.06,3.768
25/08/2013,5.504,1518.15,3.773
26/08/2013,5.853,1483.5,4.041
27/08/2013,5.61,1220.57,3.854
28/08/2013,6.274,1421.31,4.363
29/08/2013,6.532,1309.78,4.568
30/08/2013,5.989,1026.62,4.146
31/08/2013,7.377,1040.16,5.25
01/09/2013,5.816,857.74,4.014
02/09/2013,5.728,811.67,3.943
03/09/2013,6.106,964.38,4.234
04/09/2013,5.793,840.74,3.997
05/09/2013,6.456,968.96,4.534
06/09/2013,5.661,758.64,3.896
07/09/2013,5.545,784.54,3.807
08/09/2013,5.322,871.74,3.635
09/09/2013,5.635,736.03,3.875
10/09/2013,5.861,587.42,4.045
11/09/2013,6.107,777.98,4.262
12/09/2013,5.7,876.25,3.923
13/09/2013,5.832,1005.34,4.026
14/09/2013,4.926,805.22,3.337
15/09/2013,5.467,510.19,3.743
16/09/2013,5.958,440.29,4.132
17/09/2013,7.592,3091.61,5.471
18/09/2013,5.948,1213.53,4.118
19/09/2013,4.721,574.31,3.177
20/09/2013,7.421,726.92,5.305
21/09/2013,4.127,385.38,2.742
22/09/2013,4.323,445.97,2.882
23/09/2013,4.776,793.58,3.233
24/09/2013,3.823,852.74,2.515
25/09/2013,8.531,4776.63,6.283
26/09/2013,5.055,2018.9,3.437
27/09/2013,3.756,1003.39,2.473
28/09/2013,3.179,553.53,2.051
29/09/2013,3.6,888.12,2.355
30/09/2013,3.386,459.67,2.198
01/10/2013,26.479,109161.07,23.084
02/10/2013,21.128,81126.53,17.123
03/10/2013,36.177,428776.05,30.684
04/10/2013,15.93,227757.38,12.823
05/10/2013,4.319,12589.83,2.89
06/10/2013,3.409,5325.01,2.214
07/10/2013,4.158,5050.01,2.777
08/10/2013,3.456,3213.29,2.255
09/10/2013,2.855,2098.13,1.821
10/10/2013,2.436,1463.18,1.526
11/10/2013,3.053,1650.23,1.965
12/10/2013,3.006,1693.21,1.927
13/10/2013,2.862,1761.59,1.83
14/10/2013,2.787,1622.9,1.775
15/10/2013,2.609,1286.13,1.645
16/10/2013,66.512,3880611.79,64.679
17/10/2013,10.108,84447.07,7.512
18/10/2013,71.448,9724307.34,69.608
19/10/2013,36.273,3334466.27,31.134
20/10/2013,23.829,1120244.38,19.389
21/10/2013,31.914,2803776.06,26.955
22/10/2013,20.605,1189755.3,16.485
23/10/2013,10.708,296511.13,7.929
24/10/2013,8.684,152937.11,6.272
25/10/2013,35.878,2947305.33,30.801
26/10/2013,19.555,1020228.7,15.819
27/10/2013,15.882,732464.03,12.383
28/10/2013,8.812,215301.21,6.381
29/10/2013,12.46,211399.85,9.734
30/10/2013,8.675,122827.02,6.296
31/10/2013,5.513,70909.35,3.784
01/11/2013,6.363,79029.56,4.437
02/11/2013,8.677,142483.96,6.308
03/11/2013,5.452,69108.04,3.751
04/11/2013,6.007,61780.96,4.21
05/11/2013,4.302,37453.91,2.87
06/11/2013,5.733,58360.76,3.972
07/11/2013,4.604,46804.11,3.108
08/11/2013,3.601,28958.44,2.357
09/11/2013,4.682,33318.96,3.233
10/11/2013,7.469,85502.99,5.532
11/11/2013,24.088,769055.78,20.521
12/11/2013,5.922,70922.86,4.122
13/11/2013,4.645,41771.84,3.131
14/11/2013,3.945,30578.05,2.608
15/11/2013,3.605,24366.69,2.357
16/11/2013,3.621,22329.53,2.37
17/11/2013,3.72,21942.41,2.44
18/11/2013,4.414,28603.67,2.954
19/11/2013,3.37,18869.84,2.19
20/11/2013,3.422,18580.87,2.224
21/11/2013,3.156,15031.33,2.042
22/11/2013,2.98,12795.9,1.909
23/11/2013,2.993,11852.09,1.917
24/11/2013,3.171,12046.21,2.044
25/11/2013,3.055,10381.11,1.962
26/11/2013,3.384,11110.44,2.202
27/11/2013,4.224,14755.41,2.842
28/11/2013,3.771,12398.63,2.486
29/11/2013,3.55,11366.14,2.322
30/11/2013,3.124,9293.64,2.011
01/12/2013,3.02,8570.55,1.935
02/12/2013,3.644,11124.95,2.393
03/12/2013,3.9,13523.14,2.679
04/12/2013,3.157,9948.81,2.036
05/12/2013,5.753,19405.43,4.026
06/12/2013,3.891,11867.21,2.57
07/12/2013,3.584,10677.69,2.344
08/12/2013,3.659,10773.57,2.398
09/12/2013,3.613,10326.92,2.369
10/12/2013,4.532,13076.93,3.056
11/12/2013,5.34,15550.63,3.688
12/12/2013,7.938,36458.68,5.716
13/12/2013,12.961,113800.04,9.798
14/12/2013,35.52,1155614,31.62
15/12/2013,12.271,230131.01,9.391
16/12/2013,7.024,93375.01,4.953
17/12/2013,4.779,46006.11,3.233
18/12/2013,84.249,9598355.09,87.267
19/12/2013,24.471,919402.71,20.397
20/12/2013,9.598,169947.96,7.011
21/12/2013,45.714,3512173.11,42.365
22/12/2013,14.864,489332.36,11.606
23/12/2013,95.04,18186686.95,94.232
24/12/2013,28.651,1780224.57,24.109
25/12/2013,10.21,231278.46,7.52
26/12/2013,20.684,1542414.18,17.471
27/12/2013,35.833,3205200.55,32.132
28/12/2013,7.83,159437.72,5.599
29/12/2013,6.476,105711.98,4.504
30/12/2013,101.01,25398225.2,99.614
31/12/2013,48.701,4916382.31,43.278
01/01/2014,101.86,30892687.24,101.814
02/01/2014,33.882,2292282.91,28.827
03/01/2014,25.112,1588037.54,20.817
04/01/2014,14.631,552706.45,11.242
05/01/2014,21.965,1284856.74,17.925
06/01/2014,21.122,1153384.8,16.956
07/01/2014,14.109,528999.05,10.81
08/01/2014,17.447,777747.7,13.894
09/01/2014,18.429,984488.96,14.874
10/01/2014,8.379,219563.91,6.025
11/01/2014,6.592,141723.56,4.613
12/01/2014,15.666,659187.97,12.568
13/01/2014,14.028,529365,10.807
14/01/2014,12.224,467038.05,9.349
15/01/2014,9.395,316845.11,6.851
16/01/2014,8.063,215281.82,5.769
17/01/2014,7.091,161768.58,4.998
18/01/2014,20.8,995486.54,17.192
19/01/2014,9.061,228877.95,6.716
20/01/2014,6.143,110060.48,4.262
21/01/2014,12.051,356929.52,9.182
22/01/2014,6.22,127173.26,4.329
23/01/2014,5.495,86387.39,3.769
24/01/2014,34.881,2090853.53,29.949
25/01/2014,9.959,289834.69,7.326
26/01/2014,62.034,7245791.85,58.981
27/01/2014,14.969,556021.66,11.513
28/01/2014,12.506,438876.49,9.454
29/01/2014,9.276,234907.64,6.782
30/01/2014,7.264,179054.79,5.163
31/01/2014,88.254,15927180.53,86.817
01/02/2014,32.446,2383061.12,27.719
02/02/2014,17.76,516850.3,13.989
03/02/2014,60.513,3306236.49,55.89
04/02/2014,27.401,2429141.09,23.82
05/02/2014,59.691,8798910.85,54.672
06/02/2014,12.646,508758.61,9.582
07/02/2014,36.041,5659034.66,33.491
08/02/2014,44.242,6149848.5,40.572
09/02/2014,10.914,354168.76,8.122
10/02/2014,10.239,283511.46,7.589
11/02/2014,29.355,1887009.78,25.543
12/02/2014,108.232,25537915.6,110.243
13/02/2014,17.315,663770.52,13.613
14/02/2014,65.184,9900369.32,62.217
15/02/2014,26.057,1670301.67,21.536
16/02/2014,9.843,281431.49,7.211
17/02/2014,38.497,3515371.41,33.404
18/02/2014,11.072,420028.13,8.253
19/02/2014,7.509,184291.48,5.327
20/02/2014,10.424,298530.32,7.71
21/02/2014,6.827,131647.58,4.796
22/02/2014,6.751,105944.33,4.767
23/02/2014,16.556,566871.6,12.912
24/02/2014,84.399,12599488.43,79.951
25/02/2014,28.035,2519702.54,23.785
26/02/2014,9.755,285940.31,7.075
27/02/2014,24.544,1434889.96,20.749
28/02/2014,103.964,29151400.71,102.903
01/03/2014,12.523,461181.46,9.439
02/03/2014,29.147,1841073.9,25.146
03/03/2014,11.321,415386.02,8.447
04/03/2014,7.047,178206.31,4.971
05/03/2014,6.198,121485.24,4.309
06/03/2014,6.659,128614.86,4.662
07/03/2014,34.224,2264593.71,29.742
08/03/2014,7.309,178564.82,5.191
09/03/2014,5.711,105429.58,3.931
10/03/2014,5.276,80939.06,3.599
11/03/2014,5.719,77443,3.956
12/03/2014,7.127,89923.75,5.118
13/03/2014,5.571,60922.59,3.834
14/03/2014,6.587,67779.35,4.628
15/03/2014,5.054,46161.8,3.433
16/03/2014,4.79,40411.35,3.235
17/03/2014,4.589,36160.93,3.082
18/03/2014,10.195,88167.67,7.796
19/03/2014,10.921,87713.01,8.499
20/03/2014,23.475,386151.42,19.419
21/03/2014,11.741,145345.59,8.882
22/03/2014,6.843,75838.01,4.852
23/03/2014,4.641,38292.34,3.124
24/03/2014,35.694,1297524.09,32.47
25/03/2014,29.858,846724.82,25.891
26/03/2014,17.199,241894.36,14.398
27/03/2014,15.897,255737.44,12.455
28/03/2014,32.123,978199.46,27.535
29/03/2014,31.953,1244010.82,27.468
30/03/2014,9.191,179250.57,6.688
31/03/2014,7.304,119050,5.168
01/04/2014,18.727,339386.46,16.426
02/04/2014,83.812,6408427.17,79.834
03/04/2014,31.771,1421542.73,27.469
04/04/2014,22.705,525142.57,19.828
05/04/2014,15.896,455792.76,12.522
06/04/2014,47.652,2824755.7,42.656
07/04/2014,18.977,654875.86,15.054
08/04/2014,13.656,339299.62,11.154
09/04/2014,30.724,691779.7,29.281
10/04/2014,45,889231.25,45.252
11/04/2014,20.849,306645.21,18.645
12/04/2014,7.912,87136.27,5.684
13/04/2014,6.245,58420.16,4.342
14/04/2014,28.865,351718.88,29.95
15/04/2014,6.352,51579.71,4.426
16/04/2014,5.521,41428.82,3.787
17/04/2014,8.786,67303.15,6.628
18/04/2014,7.625,48947.3,5.528
19/04/2014,5.333,29831.23,3.65
20/04/2014,5.062,27797.04,3.436
21/04/2014,6.577,36649.31,4.678
22/04/2014,5.563,28743.42,3.821
23/04/2014,9.318,51069.83,6.973
24/04/2014,5.843,26125.54,4.036
25/04/2014,4.805,19806.2,3.237
26/04/2014,32.834,493206.65,28.73
27/04/2014,6.841,44399.4,4.836
28/04/2014,4.977,25005.3,3.386
29/04/2014,4.467,19305.7,2.993
30/04/2014,4.563,18889.71,3.065
01/05/2014,4.858,19892.74,3.291
02/05/2014,4.828,17495.27,3.267
03/05/2014,4.792,16594.57,3.244
04/05/2014,4.539,15385.23,3.047
05/05/2014,4.995,18688.39,3.389
06/05/2014,8.193,30051.6,6.014
07/05/2014,6.721,20761.92,4.78
08/05/2014,19.471,158965.74,15.723
09/05/2014,6.087,23307.71,4.235
10/05/2014,5.941,22313.37,4.108
11/05/2014,5.25,16816.98,3.587
12/05/2014,9.909,43833.15,7.572
13/05/2014,7.941,28026.99,5.779
14/05/2014,4.851,12761.46,3.28
15/05/2014,5.366,12686.56,3.668
16/05/2014,5.552,11795.97,3.812
17/05/2014,6.594,14071.51,4.645
18/05/2014,5.961,15748.22,4.108
19/05/2014,11.397,52621.69,8.57
20/05/2014,20.761,157445.59,17.818
21/05/2014,8.052,25223.91,5.83
22/05/2014,4.915,11414.37,3.332
23/05/2014,6.614,17573.1,4.657
24/05/2014,22.141,148944.94,18.042
25/05/2014,114.588,11063865.18,128.235
26/05/2014,20.443,352945.95,16.768
27/05/2014,7.604,58526.51,5.429
28/05/2014,5.673,29029.39,3.902
29/05/2014,5.276,21806.43,3.612
30/05/2014,5.199,18050.73,3.54
31/05/2014,5.829,17962.84,4.03
01/06/2014,4.941,14608.7,3.374
02/06/2014,4.587,12791.26,3.084
03/06/2014,4.704,11977.21,3.17
04/06/2014,5.066,14167.03,3.442
05/06/2014,4.582,10746.89,3.095
06/06/2014,4.332,9952.2,2.89
07/06/2014,7.449,23905.4,5.315
08/06/2014,4.371,9525.11,2.928
09/06/2014,3.772,7370.84,2.48
10/06/2014,4.921,11485.27,3.34
11/06/2014,4.313,8018.97,2.882
12/06/2014,4.264,7111.77,2.841
13/06/2014,4.267,6550.22,2.848
14/06/2014,4.471,6653.37,2.994
15/06/2014,5.041,7248.67,3.422
16/06/2014,4.925,6683.27,3.331
17/06/2014,5.105,6540.16,3.472
18/06/2014,5.269,6355.27,3.596
19/06/2014,5.382,6449.22,3.686
20/06/2014,5.986,6908.66,4.147
21/06/2014,5.92,6559.48,4.104
22/06/2014,6.397,6749.36,4.474
23/06/2014,5.846,4443.68,4.053
24/06/2014,5.128,2116.91,3.487
25/06/2014,5.619,2530.76,3.86
26/06/2014,6.644,3765.21,4.682
27/06/2014,6.941,5671.06,4.893
28/06/2014,13.569,15121.21,10.638
29/06/2014,4.612,1898.1,3.108
30/06/2014,4.333,1588.99,2.891
01/07/2014,4.734,1838.09,3.191
02/07/2014,5.225,2454.15,3.562
03/07/2014,6.126,2625.72,4.282
04/07/2014,6.153,5075.74,4.302
05/07/2014,8.655,5357.27,6.408
06/07/2014,4.998,2586.03,3.393
07/07/2014,4.281,2066.97,2.854
08/07/2014,4.499,2033.94,3.017
09/07/2014,5.734,2212.51,3.965
10/07/2014,5.726,2292.08,3.98
11/07/2014,5.927,2264.48,4.145
12/07/2014,4.484,1669.78,3.007
13/07/2014,5.591,2085.22,3.998
14/07/2014,4.78,1682.39,3.225
15/07/2014,5.328,1782.49,3.667
16/07/2014,6.95,5131.04,4.944
17/07/2014,19.926,6078.61,18.424
18/07/2014,37.67,137771.71,34.49
19/07/2014,15.468,9494.31,12.151
20/07/2014,5.146,1785.35,3.504
21/07/2014,4.739,1282.99,3.193
22/07/2014,5.875,1872.78,4.11
23/07/2014,4.808,1107.54,3.245
24/07/2014,5.751,989.25,3.999
25/07/2014,6.629,1036.33,4.695
26/07/2014,5.443,958.66,3.729
27/07/2014,5.211,856.64,3.554
28/07/2014,5.226,831.45,3.565
29/07/2014,4.655,724.17,3.133
30/07/2014,4.789,592.98,3.232
31/07/2014,4.775,668.51,3.223
01/08/2014,5.159,1484.63,3.511
02/08/2014,30.619,103514.13,25.892
03/08/2014,11.277,8882.1,8.489
04/08/2014,5.553,1382.69,3.84
05/08/2014,36.342,305541.29,32.798
06/08/2014,13.266,24468.88,10.141
07/08/2014,6.661,2616.92,4.702
08/08/2014,28.729,191545.61,24.99
09/08/2014,21.032,32483.78,17.226
10/08/2014,83.617,14918758.26,83.117
11/08/2014,10.671,64029.11,8.212
12/08/2014,6.052,16355.67,4.2
13/08/2014,5.555,8798.34,3.821
14/08/2014,6.499,8454.09,4.558
15/08/2014,5.146,5077.19,3.509
16/08/2014,4.482,3535.01,3.004
17/08/2014,4.392,3134.9,2.935
18/08/2014,4.338,2458.23,2.896
19/08/2014,4.477,2222.89,2.994
20/08/2014,4.479,2065.96,3.004
21/08/2014,4.434,1976.88,2.966
22/08/2014,4.679,2041.36,3.151
23/08/2014,4.304,1652.02,2.871
24/08/2014,5.78,6992.73,4.025
25/08/2014,29.488,264038.65,24.819
26/08/2014,63.823,6390493.53,60.83
27/08/2014,12.434,169618.49,9.4
28/08/2014,11.989,182740.44,9.098
29/08/2014,5.881,41100.55,4.089
30/08/2014,4.974,20538.05,3.38
31/08/2014,4.423,12913.21,2.962
01/09/2014,4.002,9218.74,2.648
02/09/2014,4.175,8040.92,2.776
03/09/2014,4.338,8012.58,2.9
04/09/2014,4.07,6656.35,2.704
05/09/2014,4.218,6399.77,2.815
06/09/2014,6.023,9158.97,4.327
07/09/2014,4.836,6201.26,3.289
08/09/2014,7.414,9789.58,5.312
09/09/2014,4.492,5138.91,3.017
10/09/2014,3.964,4260.09,2.62
11/09/2014,4.178,4164.66,2.777
12/09/2014,4.059,3879.83,2.691
13/09/2014,4.04,3776.75,2.676
14/09/2014,4.568,4275.72,3.074
15/09/2014,4.56,3998.1,3.077
16/09/2014,4.098,3052,2.719
17/09/2014,4.436,3463.9,2.969
18/09/2014,5.043,3564.92,3.428
19/09/2014,4.054,2692.53,2.691
20/09/2014,14.562,32434.33,11.86
21/09/2014,5.626,4256.4,3.894
22/09/2014,4.017,2606.72,2.661
23/09/2014,3.73,2401.42,2.449
24/09/2014,3.537,2153.23,2.309
25/09/2014,3.439,1871.03,2.237
26/09/2014,3.455,1732.21,2.249
27/09/2014,3.311,1581.88,2.145
28/09/2014,3.245,1638,2.095
29/09/2014,3.499,1697.32,2.283
30/09/2014,3.533,1832.19,2.304
01/10/2014,3.712,1866.09,2.439
02/10/2014,3.098,1283.42,1.993
03/10/2014,24.556,528549.29,22.312
04/10/2014,58.492,3983316.26,54.418
05/10/2014,13.81,243008.92,10.624
06/10/2014,86.212,27758382.45,82.329
07/10/2014,15.873,444810.07,12.366
08/10/2014,36.808,2519321.55,31.576
09/10/2014,37.097,2624004.77,32.218
10/10/2014,8.867,159971.61,6.44
11/10/2014,7.218,84056,5.107
12/10/2014,5.965,55127.29,4.156
13/10/2014,15.629,154607.85,13.844
14/10/2014,5.318,34883.38,3.641
15/10/2014,36.627,1814855.93,32.935
16/10/2014,17.146,481597.17,13.423
17/10/2014,51.42,8996160.05,49.338
18/10/2014,29.592,2466312.71,25.184
19/10/2014,7.891,139634.15,5.657
20/10/2014,5.18,61652.13,3.53
21/10/2014,5.122,52646.87,3.491
22/10/2014,3.614,29356.81,2.364
23/10/2014,4.313,33966.11,2.906
24/10/2014,3.957,26820.95,2.62
25/10/2014,3.271,18547.53,2.116
26/10/2014,3.542,18324.25,2.312
27/10/2014,3.402,16652.55,2.21
28/10/2014,17.945,258332.88,14.702
29/10/2014,6.622,60682.69,4.673
30/10/2014,6.899,76091.85,4.871
31/10/2014,5.101,53622.12,3.471
01/11/2014,28.116,1335014.04,24.921
02/11/2014,14.508,364093.1,11.413
03/11/2014,5.973,81977.67,4.154
04/11/2014,4.011,37702.11,2.658
05/11/2014,3.37,25423.52,2.188
06/11/2014,44.806,5561087.97,42.151
07/11/2014,42.151,5310714.9,37.59
08/11/2014,65.12,8561809.79,61.51
09/11/2014,  ,  ,  
10/11/2014,53.185,2655417.99,48.213
11/11/2014,41.722,3699661.73,36.067
12/11/2014,36.002,3393864.64,31.014
13/11/2014,89.952,30341729.45,88.395
14/11/2014,103.558,39010175.54,100.266
15/11/2014,32.799,2589593.84,27.611
16/11/2014,15.25,634683,11.74
17/11/2014,10.051,273394.81,7.378
18/11/2014,7.945,162236.8,5.677
19/11/2014,16.845,531657.84,13.588
20/11/2014,15.356,448526.03,12.173
21/11/2014,48.243,8526383.26,44.572
22/11/2014,39.957,5714985.51,35.122
23/11/2014,10.187,276604.11,7.506
24/11/2014,8.266,160754.1,5.965
25/11/2014,6.194,98959.77,4.307
26/11/2014,5.401,72781.73,3.695
27/11/2014,5.642,67002.96,3.881
28/11/2014,5.202,54601.63,3.547
29/11/2014,6.846,67696.22,4.961
30/11/2014,4.851,40008.15,3.28
01/12/2014,4.906,37349.86,3.323
02/12/2014,4.531,30427.29,3.041
03/12/2014,4.22,25897.77,2.81
04/12/2014,4.202,25419,2.796
05/12/2014,4.051,21981.25,2.684
06/12/2014,4.1,20489.08,2.721
07/12/2014,6.077,35101.39,4.222
08/12/2014,4.481,22843.12,3.019
09/12/2014,4.43,23088.83,2.964
10/12/2014,4.596,24092.69,3.098
11/12/2014,10.435,107950.1,7.822
12/12/2014,21.806,464983.92,17.942
13/12/2014,7.718,72274.21,5.752
14/12/2014,4.197,30185.98,2.793
15/12/2014,3.783,22799.15,2.488
16/12/2014,25.761,1353968.75,23.656
17/12/2014,26.035,839799.9,22.448
18/12/2014,6.821,84578.04,4.799
19/12/2014,5.249,48153.99,3.594
20/12/2014,8.267,67903.08,6.338
21/12/2014,4.081,26611.91,2.706
22/12/2014,4.06,24561.63,2.691
23/12/2014,4.249,23835.77,2.832
24/12/2014,3.801,18852.69,2.502
25/12/2014,3.878,16941.18,2.563
26/12/2014,19.706,322597.41,16.315
27/12/2014,7.417,76670.3,5.34
28/12/2014,5.837,43180.71,4.204
29/12/2014,3.546,20482.5,2.317
30/12/2014,3.302,17822.15,2.138
31/12/2014,3.746,21064.01,2.46
01/01/2015,30.702,864991.44,26.999
02/01/2015,11.183,160024.76,8.493
03/01/2015,54.988,3471137.14,50.142
04/01/2015,8.434,152698.03,6.127
05/01/2015,6.882,102441.77,4.855
06/01/2015,22.736,665016.18,18.712
07/01/2015,17.812,540935.98,14.213
08/01/2015,12.619,301912.75,9.603
09/01/2015,9.486,175008.9,6.955
10/01/2015,7.546,103266,5.482
11/01/2015,7.076,80402.21,5.31
12/01/2015,6.197,65438.65,4.309
13/01/2015,4.337,39479.09,2.898
14/01/2015,25.274,1493243.06,22.84
15/01/2015,26.541,1195565.68,23.41
16/01/2015,5.08,56359.39,3.461
17/01/2015,6.663,67317.45,4.988
18/01/2015,4.021,31104.37,2.667
19/01/2015,3.534,24469.76,2.307
20/01/2015,17.761,343823.47,14.323
21/01/2015,6.697,84310.14,4.739
22/01/2015,3.794,33380.9,2.499
23/01/2015,3.848,31390.33,2.531
24/01/2015,4.144,31322.9,2.762
25/01/2015,4.711,34413.56,3.279
26/01/2015,3.865,25668.32,2.55
27/01/2015,4.725,30756.19,3.298
28/01/2015,4.126,26363.32,2.741
29/01/2015,6.046,42425.12,4.207
30/01/2015,4.874,31223.28,3.303
31/01/2015,6.452,37775.04,4.781
01/02/2015,5.118,24368.23,3.563
02/02/2015,3.58,15405.76,2.34
03/02/2015,4.265,17567.37,2.845
04/02/2015,3.717,13596.42,2.438
05/02/2015,12.658,54953.04,10.279
06/02/2015,11.066,44572.95,8.528
07/02/2015,6.297,22049.44,4.411
08/02/2015,6.069,20531.98,4.386
09/02/2015,5.064,15952.98,3.459
10/02/2015,3.985,11887.94,2.637
11/02/2015,3.585,10567.5,2.344
12/02/2015,4.265,13047.46,2.839
13/02/2015,62.241,1240978.33,58.027
14/02/2015,13.271,128895.66,10.204
15/02/2015,8.901,79974.05,6.473
16/02/2015,54.975,2043164.35,51.195
17/02/2015,7.618,71583.06,5.435
18/02/2015,5.098,36945.52,3.465
19/02/2015,10.142,94861.57,7.485
20/02/2015,6.72,57690.23,4.779
21/02/2015,4.981,33325.03,3.413
22/02/2015,30.727,659178.81,26.747
23/02/2015,14.601,207228.04,11.3
24/02/2015,14.961,212295.08,11.783
25/02/2015,5.677,51380.45,3.905
26/02/2015,5.544,47829.64,3.805
27/02/2015,4.47,31222.6,2.995
28/02/2015,4.765,32864.3,3.218
01/03/2015,41.528,813197.21,37.884
02/03/2015,9.41,100938.99,6.977
03/03/2015,5.458,39757.54,3.743
04/03/2015,5.067,30986.98,3.468
05/03/2015,4.302,23776.27,2.871
06/03/2015,4.461,23738.78,2.986
07/03/2015,5.627,29231.62,3.899
08/03/2015,5.967,30286.11,4.128
09/03/2015,7.182,41286.13,5.076
10/03/2015,4.976,23923.82,3.389
11/03/2015,52.67,1889392.94,49.52
12/03/2015,120.128,16507744.04,121.564
13/03/2015,23.569,867439.86,19.441
14/03/2015,10.104,159760.19,7.528
15/03/2015,7.041,83379.72,4.982
16/03/2015,5.299,51723.82,3.62
17/03/2015,5.398,47239.65,3.695
18/03/2015,4.953,37988.34,3.355
19/03/2015,4.609,32088.15,3.099
20/03/2015,4.538,29629.27,3.046
21/03/2015,6.858,45109.58,5.07
22/03/2015,4.483,24944.93,3.006
23/03/2015,4.59,24482.65,3.086
24/03/2015,4.756,23415.64,3.218
25/03/2015,9.158,62203.37,6.825
26/03/2015,22.232,240508.31,18.293
27/03/2015,5.318,29498.18,3.641
28/03/2015,5.512,30813.44,3.787
29/03/2015,5.62,30326.35,3.86
30/03/2015,4.823,23054.06,3.271
31/03/2015,5.428,24052.52,3.721
01/04/2015,4.399,16331.69,2.945
02/04/2015,5.59,22971.71,3.837
03/04/2015,5.151,20676.75,3.509
04/04/2015,4.471,15424.74,2.997
05/04/2015,4.457,14328.55,2.988
06/04/2015,4.27,12569.24,2.846
07/04/2015,4.397,12195.96,2.944
08/04/2015,5.739,16818.35,4.142
09/04/2015,4.306,11193.06,2.873
10/04/2015,4.107,10771.7,2.734
11/04/2015,3.927,9384.69,2.593
12/04/2015,4.33,9979.44,2.899
13/04/2015,4.111,8843.86,2.729
14/04/2015,4.451,9757.95,2.988
15/04/2015,4.147,8844.53,2.758
16/04/2015,4.067,8321.82,2.696
17/04/2015,4.212,8148.32,2.806
18/04/2015,5.814,11326.34,4.022
19/04/2015,10.301,20691.08,7.807
20/04/2015,11.167,23128.21,8.698
21/04/2015,5.637,9314.1,3.879
22/04/2015,6.346,10885.02,4.482
23/04/2015,4.757,7976.4,3.21
24/04/2015,4.669,8333.48,3.163
25/04/2015,9.541,30048.26,7.143
26/04/2015,8.222,15562.91,5.933
27/04/2015,4.631,7119.67,3.115
28/04/2015,4.46,6793.78,2.985
29/04/2015,5.133,8589.18,3.493
30/04/2015,5.186,7386.32,3.532
01/05/2015,5.02,7021.05,3.473
02/05/2015,70.915,2945481.64,66.951
03/05/2015,47.033,3000603.12,42.433
04/05/2015,9.535,114835.62,6.989
05/05/2015,47.463,2931995.02,42.647
06/05/2015,12.596,277100.27,9.557
07/05/2015,6.949,84166.57,4.894
08/05/2015,58.858,7971255.69,56.582
09/05/2015,15.854,526087.57,12.453
10/05/2015,8.088,128493.19,5.792
11/05/2015,8.978,153081.97,6.533
12/05/2015,5.856,63326.65,4.041
13/05/2015,5.267,45479.19,3.6
14/05/2015,18.706,346268.9,15.239
15/05/2015,5.326,51852.93,3.651
16/05/2015,4.796,36762.1,3.24
17/05/2015,4.937,33634.71,3.347
18/05/2015,7.677,69673.8,5.477
19/05/2015,5.075,36150.17,3.448
20/05/2015,4.517,28756.17,3.039
21/05/2015,4.49,25115.45,3.015
22/05/2015,4.689,24402.72,3.162
23/05/2015,5.039,24854.91,3.474
24/05/2015,4.422,20024.3,2.962
25/05/2015,5.56,23626.34,3.911
26/05/2015,4.817,18146.28,3.262
27/05/2015,5.775,23851.57,4.069
28/05/2015,4.988,17956.8,3.392
29/05/2015,5.28,20144.4,3.641
30/05/2015,4.212,14470.34,2.803
31/05/2015,6.383,28072.86,4.485
01/06/2015,17.753,233465.06,14.51
02/06/2015,11.704,101358.71,8.915
03/06/2015,4.182,18955.03,2.796
04/06/2015,3.325,12272.11,2.157
05/06/2015,4.131,15889.83,2.758
06/06/2015,3.326,10025.4,2.16
07/06/2015,3.548,9555.87,2.321
08/06/2015,3.863,10170.63,2.563
09/06/2015,3.762,9399.46,2.486
10/06/2015,4.143,9907.15,2.764
11/06/2015,3.981,9371.6,2.645
12/06/2015,3.901,8764.2,2.583
13/06/2015,4.176,8877.8,2.784
14/06/2015,4.156,8016.76,2.775
15/06/2015,4.65,8452.27,3.136
16/06/2015,4.823,8217.85,3.27
17/06/2015,4.701,8030.57,3.174
18/06/2015,5.306,8897.76,3.707
19/06/2015,4.539,6528.8,3.048
20/06/2015,4.766,6865.18,3.216
21/06/2015,4.939,6702.96,3.361
22/06/2015,4.208,5419.1,2.804
23/06/2015,8.167,11458.94,6.534
24/06/2015,4.555,4232.48,3.067
25/06/2015,4.282,3720.14,2.855
26/06/2015,4.304,3612.88,2.873
27/06/2015,4.348,3236.02,2.902
28/06/2015,6.041,6856.23,4.208
29/06/2015,3.702,2553.58,2.431
30/06/2015,3.649,2631.3,2.392
01/07/2015,3.825,2796.05,2.518
02/07/2015,5.321,4309.26,3.735
03/07/2015,5.375,4051.13,3.816
04/07/2015,5.205,3795.5,3.635
05/07/2015,3.814,2711.97,2.377
06/07/2015,28.503,254862.36,24.618
07/07/2015,12.432,43897.13,9.512
08/07/2015,3.912,4674.54,2.598
09/07/2015,3.205,2701.53,2.069
10/07/2015,3.695,3295.95,2.423
11/07/2015,4.198,3787.79,2.797
12/07/2015,3.567,3231.33,2.333
13/07/2015,3.836,3998.02,2.526
14/07/2015,3.645,3007.36,2.387
15/07/2015,3.597,2476.38,2.362
16/07/2015,19.484,249016.33,16.456
17/07/2015,20.777,155756.89,17.226
18/07/2015,5.188,8736.92,3.577
19/07/2015,14.38,66601.87,11.095
20/07/2015,3.924,6681.01,2.612
21/07/2015,2.678,3205.84,1.695
22/07/2015,3.847,3999.05,2.626
23/07/2015,3.565,3056.91,2.344
24/07/2015,6.196,9037.12,4.352
25/07/2015,4.18,4352.02,2.788
26/07/2015,16.527,149033.56,13.028
27/07/2015,9.153,41145.32,7.24
28/07/2015,3.273,6583.14,2.119
29/07/2015,3.524,5640.77,2.385
30/07/2015,2.842,3613.36,1.812
31/07/2015,2.955,3306.61,1.889
01/08/2015,3.6,3795.01,2.355
02/08/2015,3.972,4241.87,2.626
03/08/2015,4.449,6372.23,2.976
04/08/2015,3.934,3856.78,2.622
05/08/2015,9.005,29936.47,6.724
06/08/2015,8,23517.89,5.739
07/08/2015,3.626,5484.48,2.386
08/08/2015,2.789,3298.05,1.777
09/08/2015,2.829,3100.11,1.803
10/08/2015,2.69,2435.42,1.703
11/08/2015,3.932,2999.78,2.667
12/08/2015,4.047,2785.16,2.793
13/08/2015,3.298,1879.51,2.135
14/08/2015,3.837,2218.3,2.532
15/08/2015,3.157,1703.36,2.035
16/08/2015,3.071,1640.03,1.973
17/08/2015,3.304,1658.58,2.139
18/08/2015,3.386,1509.03,2.2
19/08/2015,4.034,2131.09,2.682
20/08/2015,3.924,2301.92,2.6
21/08/2015,3.011,1713.44,1.934
22/08/2015,2.516,1203.87,1.577
23/08/2015,29.425,220250.45,24.978
24/08/2015,5.156,7691.12,3.688
25/08/2015,17.576,109262.25,14.919
26/08/2015,10.067,46123.88,7.471
27/08/2015,6.734,31202.3,4.842
28/08/2015,2.876,5917.43,1.84
29/08/2015,2.388,3229.95,1.492
30/08/2015,3.002,3233.81,1.999
31/08/2015,2.481,2336.7,1.558
01/09/2015,2.456,2222.8,1.539
02/09/2015,2.498,1923.35,1.569
03/09/2015,2.67,1941.67,1.69
04/09/2015,4.613,3091.74,3.233
05/09/2015,3.882,2287.55,2.592
06/09/2015,3.87,2156.67,2.607
07/09/2015,3.267,1866.56,2.115
08/09/2015,4.096,2568.54,2.791
09/09/2015,3.349,1996.45,2.177
10/09/2015,2.745,1450.56,1.742
11/09/2015,8.321,27262.47,6.68
12/09/2015,16.647,96689.25,13.217
13/09/2015,26.677,294406.11,22.64
14/09/2015,7.432,40884.59,5.312
15/09/2015,3.737,14647.52,2.465
16/09/2015,2.404,5823.26,1.506
17/09/2015,2.397,4057.13,1.5
18/09/2015,3.796,4990.43,2.645
19/09/2015,2.858,3081.7,1.825
20/09/2015,3.025,3215.9,1.941
21/09/2015,2.887,3298.11,1.84
22/09/2015,3.279,4011.64,2.125
23/09/2015,2.62,2385.72,1.656
24/09/2015,4.019,3972.39,2.926
25/09/2015,2.412,1726.01,1.509
26/09/2015,2.362,1666.09,1.473
27/09/2015,2.486,1756.68,1.56
28/09/2015,2.365,1628.26,1.472
29/09/2015,5.149,4028.26,3.546
30/09/2015,5.591,4246.89,3.893
01/10/2015,3.935,3131.27,2.611
02/10/2015,3.584,3008.17,2.37
03/10/2015,5.695,5516.81,4.175
04/10/2015,4.022,3396.78,2.668
05/10/2015,5.215,6987.4,3.584
06/10/2015,33.108,270699.66,29.621
07/10/2015,12.322,61456.58,9.461
08/10/2015,3.44,6237.05,2.255
09/10/2015,2.383,3147.02,1.489
10/10/2015,2.352,2677.04,1.466
11/10/2015,2.375,2468,1.483
12/10/2015,2.684,2430.83,1.711
13/10/2015,2.565,2063.03,1.615
14/10/2015,2.64,2157.8,1.671
15/10/2015,3.019,2473.46,1.996
16/10/2015,2.447,1718.9,1.534
17/10/2015,3.226,2167.14,2.103
18/10/2015,3.164,2056.1,2.056
19/10/2015,2.756,1693.03,1.755
20/10/2015,2.427,1300.68,1.518
21/10/2015,3.761,3106.25,2.48
22/10/2015,2.778,1483.14,1.772
23/10/2015,2.299,1089.45,1.431
24/10/2015,3.168,2429.56,2.058
25/10/2015,2.358,1228.92,1.473
26/10/2015,11.177,60876.14,9.11
27/10/2015,31.014,430709.82,25.917
28/10/2015,12.844,111857.94,9.734
29/10/2015,56.453,3871353.26,52.515
30/10/2015,9.311,93192.09,6.813
31/10/2015,7.311,66987.25,5.184
01/11/2015,4.191,26072.44,2.793
02/11/2015,3.163,16611.69,2.041
03/11/2015,2.791,12946.6,1.776
04/11/2015,2.609,10523.89,1.646
05/11/2015,14.61,215778.62,11.644
06/11/2015,10.344,116184.12,7.711
07/11/2015,32.193,1088711.8,27.596
08/11/2015,114.609,27838351.8,116.164
09/11/2015,27.668,1046980.18,23.102
10/11/2015,10.846,189491.04,8.049
11/11/2015,6.808,82395.2,4.786
12/11/2015,6.032,63919.96,4.176
13/11/2015,5.937,59291.53,4.133
14/11/2015,25.692,1118667.61,21.964
15/11/2015,9.559,157937.99,7.031
16/11/2015,5.904,69214.5,4.093
17/11/2015,9.924,144696.99,7.373
18/11/2015,20.088,520945.58,16.337
19/11/2015,6.73,89298.43,4.757
20/11/2015,3.989,36746.08,2.64
21/11/2015,3.48,25705.59,2.267
22/11/2015,3.278,21182.44,2.121
23/11/2015,3.62,23198.18,2.371
24/11/2015,4.834,37531.79,3.29
25/11/2015,3.219,21403.46,2.079
26/11/2015,3.022,18313,1.938
27/11/2015,3.462,21250.24,2.252
28/11/2015,3.591,20810.7,2.354
29/11/2015,3.806,21660.04,2.503
30/11/2015,8.752,101729.31,6.393
01/12/2015,7.556,90538.67,5.421
02/12/2015,5.879,63043.71,4.066
03/12/2015,109.702,48385392.71,110.869
04/12/2015,44.917,4291978.51,39.877
05/12/2015,61.575,8184084.58,55.616
06/12/2015,19.609,898852.77,15.625
07/12/2015,37.728,4421683.6,34.215
08/12/2015,21.609,1014933.77,17.608
09/12/2015,10.268,235724.57,7.581
10/12/2015,25.175,1600514.37,21.129
11/12/2015,7.484,144600.69,5.319
12/12/2015,70.143,13027069.14,66.217
13/12/2015,16.107,654967.75,12.563
14/12/2015,50.961,8824784.29,46.832
15/12/2015,34.148,2953554.04,28.841
16/12/2015,32.789,4258582.36,28.349
17/12/2015,18.846,972700.01,15.009
18/12/2015,9.72,280921.83,7.093
19/12/2015,31.835,2424424.9,26.86
20/12/2015,35.747,4021079.82,31.735
21/12/2015,13.686,463120.95,10.463
22/12/2015,24.815,1342112.02,20.279
23/12/2015,10.971,326840.91,8.272
24/12/2015,17.569,737650.97,13.985
25/12/2015,62.896,15963838.15,59.528
26/12/2015,62.42,14411977.11,57.032
27/12/2015,20.3,1130329.51,16.342
28/12/2015,85.657,33538793.62,88.813
29/12/2015,107.921,36003920.68,105.705
30/12/2015,104.626,44634679.71,100.656
31/12/2015,80.264,16790839,76.268
01/01/2016,42.624,5049978.75,37.395
02/01/2016,33.459,2968754.79,28.318
03/01/2016,82.706,24655484.67,80.138
04/01/2016,17.651,792499.7,13.842
05/01/2016,11.81,383348.31,8.82
06/01/2016,36.9,7906627.69,34.526
07/01/2016,69.898,19958169.7,67.008
08/01/2016,11.594,348058,8.643
09/01/2016,114.326,34556369.02,116.481
10/01/2016,41.29,4897355.8,36.519
11/01/2016,62.314,2033636.57,59.127
12/01/2016,52.087,1521261.84,50.782
13/01/2016,7.202,123389.57,5.122
14/01/2016,7.934,117402.76,5.736
15/01/2016,5.66,68305.57,3.896
16/01/2016,6.484,72097.95,4.559
17/01/2016,13.783,361254.52,11.118
18/01/2016,42.327,2796827.07,38.062
19/01/2016,8.205,158096.43,5.908
20/01/2016,5.198,71209.6,3.546
21/01/2016,29.154,1857626.29,24.793
22/01/2016,116.563,35465377.73,116.245
23/01/2016,14.367,426772.96,11.004
24/01/2016,9.844,245384.01,7.224
25/01/2016,9.258,189834.32,6.735
26/01/2016,36.999,2288325.93,32.889
27/01/2016,39.943,2549594.73,35.582
28/01/2016,9.628,228977.42,7.033
29/01/2016,7.923,162594.12,5.684
30/01/2016,6.559,108605.62,4.646
31/01/2016,6.116,94507.69,4.239
01/02/2016,5.824,78935.32,4.016
02/02/2016,5.095,56981.78,3.465
03/02/2016,8.006,85094.75,6.096
04/02/2016,5.345,49028.33,3.656
05/02/2016,39.424,1142150.1,36.614
06/02/2016,47.806,2575562.81,42.958
07/02/2016,22.633,832955.49,18.686
08/02/2016,75.664,6441690.03,72.683
09/02/2016,12.308,263336.07,9.272
10/02/2016,10.491,205132.25,7.824
11/02/2016,6.253,86651.2,4.353
12/02/2016,9.721,156767.53,7.126
13/02/2016,48.918,3430339.8,44.71
14/02/2016,7.469,124734.32,5.328
15/02/2016,4.879,58358.97,3.303
16/02/2016,9.02,264545.96,6.686
17/02/2016,154.71,53545766.19,162.634
18/02/2016,12.809,310204.88,9.684
19/02/2016,7.691,140870.87,5.491
20/02/2016,6.5,99083.23,4.539
21/02/2016,6.198,83739.54,4.304
22/02/2016,5.509,64091.03,3.781
23/02/2016,5.022,50626.79,3.409
24/02/2016,5.632,52456.5,3.896
25/02/2016,5.41,46461.27,3.707
26/02/2016,5.939,51681.7,4.12
27/02/2016,8.697,84257.69,6.332
28/02/2016,4.462,34600.54,2.996
29/02/2016,48.796,2560190.1,45.232
01/03/2016,28.511,940747.42,23.809
02/03/2016,39.97,2075738.35,35.493
03/03/2016,8.882,155523.21,6.443
04/03/2016,7.403,109301.35,5.278
05/03/2016,5.654,68520.54,3.899
06/03/2016,4.683,49916.69,3.172
07/03/2016,4.679,43958.04,3.159
08/03/2016,5.4,51809.68,3.695
09/03/2016,10.876,138575.28,8.15
10/03/2016,4.668,41390.62,3.164
11/03/2016,3.898,30978.97,2.572
12/03/2016,4.27,31739.99,2.848
13/03/2016,4.216,28799.14,2.807
14/03/2016,3.968,25645.83,2.625
15/03/2016,3.928,23382.69,2.596
16/03/2016,4.984,28881.2,3.406
17/03/2016,3.912,20641.97,2.584
18/03/2016,3.727,18828.32,2.447
19/03/2016,4.731,23101.81,3.232
20/03/2016,4.963,23181.28,3.384
21/03/2016,4.76,21272.23,3.247
22/03/2016,4.364,18654.87,2.924
23/03/2016,4.938,20775.37,3.403
24/03/2016,4.597,19545.41,3.091
25/03/2016,5.051,19781.9,3.443
26/03/2016,29.555,479607.3,25.185
27/03/2016,9.659,85233.94,7.088
28/03/2016,5.866,42741.49,4.073
29/03/2016,4.209,23223.58,2.806
30/03/2016,3.939,18389.78,2.626
31/03/2016,4.139,17424.6,2.765
01/04/2016,16.429,314538.2,13.598
02/04/2016,63.593,4226527.27,58.104
03/04/2016,49.101,4158000.49,43.783
04/04/2016,100.14,15138956.23,105.327
05/04/2016,23.643,890741.02,19.7
06/04/2016,8.149,129815.72,5.851
07/04/2016,6.507,75676.79,4.577
08/04/2016,5.956,64566.76,4.129
09/04/2016,6.336,68386.02,4.449
10/04/2016,7.838,91295,5.6
11/04/2016,11.477,177460.97,8.57
12/04/2016,7.541,98010.4,5.402
13/04/2016,4.875,46869.62,3.304
14/04/2016,5.34,46355.58,3.669
15/04/2016,6.961,291.1,5.079
16/04/2016,4.972,  ,3.392
17/04/2016,4.336,  ,2.913
18/04/2016,4.299,  ,2.875
19/04/2016,5.192,  ,3.554
20/04/2016,4.396,7797.29,2.945
21/04/2016,4.586,21708.21,3.09
22/04/2016,4.964,22313.98,3.389
23/04/2016,4.774,19944.83,3.231
24/04/2016,4.598,18236.8,3.117
25/04/2016,3.815,14306.41,2.514
26/04/2016,3.795,13312.6,2.498
27/04/2016,3.827,12873.15,2.523
28/04/2016,3.523,11233.97,2.298
29/04/2016,3.41,9909.07,2.216
30/04/2016,3.678,10417,2.411
01/05/2016,4.885,14972.99,3.311
02/05/2016,7.673,24829.18,5.467
03/05/2016,6.385,17327.16,4.475
04/05/2016,6.299,17363.66,4.417
05/05/2016,5.584,15084.33,3.875
06/05/2016,4.55,11307.04,3.059
07/05/2016,6.099,19233.4,4.231
08/05/2016,4.788,12244.52,3.235
09/05/2016,21.774,351890.52,19.511
10/05/2016,87.628,6757218.36,86.214
11/05/2016,13.028,144356.49,9.934
12/05/2016,8.824,60614.65,6.42
13/05/2016,6.663,31191.89,4.677
14/05/2016,5.984,21836.07,4.178
15/05/2016,5.886,19185.96,4.092
16/05/2016,6.342,19132.75,4.442
17/05/2016,5.734,16791.45,3.985
18/05/2016,4.856,13262.89,3.283
19/05/2016,8.158,27604.85,5.91
20/05/2016,6.434,17226.73,4.517
21/05/2016,5.919,17493.78,4.096
22/05/2016,5.138,11926.07,3.504
23/05/2016,5.247,11042.75,3.583
24/05/2016,5.661,11635.96,3.919
25/05/2016,5.447,10172.81,3.745
26/05/2016,4.664,8312.6,3.161
27/05/2016,4.784,8140.2,3.238
28/05/2016,4.547,7141.15,3.06
29/05/2016,4.328,6378.08,2.885
30/05/2016,5.243,7455.54,3.588
31/05/2016,5.425,7187.83,3.752
01/06/2016,4.468,6475.47,2.994
02/06/2016,6.283,10501.24,4.438
03/06/2016,4.304,6767.64,2.874
04/06/2016,4.359,6583.84,2.916
05/06/2016,4.028,5896.56,2.668
06/06/2016,4.97,7863.52,3.368
07/06/2016,5.576,8269.54,3.847
08/06/2016,4.324,5586.01,2.881
09/06/2016,5.525,7348.32,3.823
10/06/2016,4.005,4572.3,2.645
11/06/2016,5.568,6502.94,3.835
12/06/2016,15.386,33274.67,12.124
13/06/2016,14.714,42225.46,11.74
14/06/2016,13.449,46610.5,10.235
15/06/2016,16.459,64617.47,12.833
16/06/2016,5.332,12958.27,3.69
17/06/2016,4.17,6819.57,2.779
18/06/2016,3.98,4302.62,2.62
19/06/2016,4.63,5746.14,3.152
20/06/2016,3.004,3479.03,1.947
21/06/2016,2.464,2853.17,1.55
22/06/2016,3.491,4334.2,2.296
23/06/2016,3.65,4803.12,2.398
24/06/2016,3.803,5230.73,2.514
25/06/2016,2.709,3519.92,1.719
26/06/2016,2.96,4047.48,1.894
27/06/2016,3.449,4324.48,2.249
28/06/2016,10.002,36799.45,7.701
29/06/2016,7.714,23245.23,5.531
30/06/2016,3.812,5939.2,2.522
01/07/2016,2.836,3648.32,1.812
02/07/2016,3.35,3851.35,2.18
03/07/2016,2.48,2022.01,1.567
04/07/2016,1.891,1388.67,1.151
05/07/2016,1.745,1118.49,1.053
06/07/2016,2.464,1666.78,1.556
07/07/2016,2.767,1992.65,1.807
08/07/2016,1.976,1092.13,1.208
09/07/2016,6.981,13450.98,5.098
10/07/2016,3.517,2759.61,2.302
11/07/2016,3.996,2488.71,2.683
12/07/2016,3.506,1878.59,2.307
13/07/2016,3.352,1463.13,2.181
14/07/2016,1.661,632.53,1
15/07/2016,1.511,730.05,0.899
16/07/2016,1.135,385.51,0.653
17/07/2016,1.142,386.11,0.657
18/07/2016,1.591,513.14,0.952
19/07/2016,2.143,667.28,1.322
20/07/2016,2.606,1035.2,1.643
21/07/2016,2.901,1062,1.854
22/07/2016,9.69,10410.82,7.302
23/07/2016,3.037,1081.83,1.953
24/07/2016,2.963,1185.83,1.895
25/07/2016,2.884,911.29,1.841
26/07/2016,2.668,804.24,1.687
27/07/2016,2.765,758.05,1.756
28/07/2016,2.762,634.3,1.753
29/07/2016,3.304,964.44,2.137
30/07/2016,3.024,722.51,1.945
31/07/2016,3.121,556.02,2.029
01/08/2016,4.198,2303.96,2.816
02/08/2016,4.074,1885.9,2.745
03/08/2016,2.671,623.2,1.69
04/08/2016,2.54,700.23,1.601
05/08/2016,2.819,846.42,1.797
06/08/2016,2.763,661.78,1.754
07/08/2016,3.429,770.72,2.235
08/08/2016,3.494,658.88,2.301
09/08/2016,3.245,686.27,2.099
10/08/2016,2.933,650.25,1.875
11/08/2016,3.065,643.7,1.971
12/08/2016,3.41,541.18,2.23
13/08/2016,3.073,466.67,1.974
14/08/2016,3.038,427.11,1.95
15/08/2016,3.058,422.03,1.963
16/08/2016,3.124,327.4,2.01
17/08/2016,4.005,976.45,2.656
18/08/2016,18.573,42836.99,15.086
19/08/2016,18.22,81597.48,14.619
20/08/2016,7.86,11129.93,5.758
21/08/2016,3.419,3932.55,2.228
22/08/2016,2.711,1941.14,1.723
23/08/2016,9.972,9410.99,7.417
24/08/2016,4.918,2651.79,3.362
25/08/2016,12.767,5836.77,9.818
26/08/2016,10.764,3804.8,8.201
27/08/2016,5.163,1480.05,3.519
28/08/2016,4.972,1313.48,3.385
29/08/2016,5.37,1096.39,3.712
30/08/2016,5.859,1149.2,4.086
31/08/2016,10.077,2683.89,7.631
01/09/2016,9.748,3449.67,7.43
02/09/2016,7.503,2254.31,5.373
03/09/2016,32.665,153921.92,29.692
04/09/2016,10.339,9593.13,7.717
05/09/2016,18.55,59346.35,14.984
06/09/2016,7.25,7553.59,5.245
07/09/2016,5.239,3357.13,3.61
08/09/2016,19.799,22263.3,17.005
09/09/2016,17.465,53873.44,14.174
10/09/2016,13.387,41653.77,10.294
11/09/2016,6.141,7143.64,4.429
12/09/2016,7.243,13001.35,5.138
13/09/2016,17.175,106319.98,13.681
14/09/2016,9.409,24284.86,7.397
15/09/2016,10.837,19587.59,8.737
16/09/2016,11.424,15486.12,9.2
17/09/2016,8.298,8384.77,6.17
18/09/2016,6.729,6769.45,4.819
19/09/2016,9.264,8713.06,7.023
20/09/2016,10.523,8204.05,8.222
21/09/2016,14.476,35222.25,12.074
22/09/2016,15.957,45356.54,12.552
23/09/2016,6.922,8251.51,5.149
24/09/2016,14.627,74458.37,11.602
25/09/2016,11.716,46692.72,8.897
26/09/2016,27.736,410365.58,23.755
27/09/2016,14.328,135406.24,11.044
28/09/2016,7.52,34165.05,5.551
29/09/2016,6.28,18458.29,4.508
30/09/2016,5.244,11236.86,3.759
01/10/2016,25.381,219271.66,21.218
02/10/2016,6.591,31232.82,4.727
03/10/2016,4.546,13067.02,3.14
04/10/2016,4.732,10712.83,3.316
05/10/2016,4.711,8528.85,3.287
06/10/2016,4.198,6197.97,2.83
07/10/2016,5.153,7308.53,3.653
08/10/2016,5.22,6758.69,3.618
09/10/2016,5.384,6537.53,3.808
10/10/2016,4.465,5036.53,3.047
11/10/2016,4.958,5236.09,3.456
12/10/2016,4.84,4931.96,3.357
13/10/2016,5.957,7841.42,4.048
14/10/2016,18.75,56342.61,16.031
15/10/2016,70.749,5635351.22,66.188
16/10/2016,46.024,3774745.07,40.829
17/10/2016,11.85,189428.55,8.905
18/10/2016,6.166,50117.05,4.304
19/10/2016,4.118,22993.57,2.758
20/10/2016,3.868,17641.96,2.588
21/10/2016,3.168,12297.98,2.051
22/10/2016,3.192,11129.34,2.077
23/10/2016,3.29,10089.75,2.151
24/10/2016,3.29,8868.9,2.149
25/10/2016,3.674,9235.41,2.429
26/10/2016,3.812,9051.6,2.539
27/10/2016,4.015,9009.34,2.683
28/10/2016,3.826,7836.65,2.557
29/10/2016,3.512,6724.94,2.31
30/10/2016,3.454,6484.03,2.26
31/10/2016,3.167,5763.61,2.047
01/11/2016,3.191,5264.74,2.057
02/11/2016,3.542,5701.78,2.317
03/11/2016,3.906,6531.95,2.628
04/11/2016,3.872,6264.29,2.57
05/11/2016,4.464,6768.79,3.032
06/11/2016,3.527,4832.86,2.311
07/11/2016,4.65,6358.04,3.201
08/11/2016,31.303,796725.61,29.178
09/11/2016,22.284,306028.03,18.687
10/11/2016,4.855,17661.82,3.32
11/11/2016,3.252,9290.01,2.099
12/11/2016,32.253,731868.8,27.563
13/11/2016,5.483,36755.98,3.791
14/11/2016,3.129,14734.04,2.015
15/11/2016,3.131,12611.13,2.03
16/11/2016,2.817,9964.85,1.793
17/11/2016,2.967,10017.09,1.919
18/11/2016,2.526,7457.84,1.592
19/11/2016,2.422,6147.91,1.517
20/11/2016,2.61,6612.44,1.669
21/11/2016,29.635,1369932.93,25.707
22/11/2016,25.193,1183585.96,20.88
23/11/2016,5.745,54755.14,3.982
24/11/2016,3.607,23855.35,2.377
25/11/2016,2.844,15209.82,1.828
26/11/2016,2.578,11669.81,1.63
27/11/2016,2.794,11129.68,1.795
28/11/2016,3.082,11152.25,2.012
29/11/2016,2.896,9474.46,1.87
30/11/2016,2.654,8036.85,1.694
01/12/2016,2.973,8712.11,1.912
02/12/2016,3.282,9609.41,2.159
03/12/2016,2.34,6227.5,1.458
04/12/2016,2.511,6372.14,1.579
05/12/2016,2.31,5601.93,1.441
06/12/2016,2.476,5886.74,1.552
07/12/2016,3.053,8158.16,1.959
08/12/2016,92.079,10207964.04,91.247
09/12/2016,16.261,273970.34,12.63
10/12/2016,9.879,112905.85,7.292
11/12/2016,5.124,39460.5,3.499
12/12/2016,4.364,30089.13,2.908
13/12/2016,74.288,6980857.43,69.052
14/12/2016,139.588,39177793.72,139.431
15/12/2016,33.934,1851362.86,28.785
16/12/2016,94.798,27799439.31,91.077
17/12/2016,20.416,775205.57,16.314
18/12/2016,11.36,257161.67,8.454
19/12/2016,8.507,146393.4,6.126
20/12/2016,7.902,116444.83,5.632
21/12/2016,15.708,298310,12.158
22/12/2016,7.98,113101.04,5.727
23/12/2016,73.63,3849321.64,73.056
24/12/2016,17.206,360351.26,13.788
25/12/2016,7.744,101600.74,5.517
26/12/2016,6.077,62288.52,4.216
27/12/2016,5.049,44645.27,3.428
28/12/2016,4.94,41564.59,3.35
29/12/2016,4.909,37959.33,3.326
30/12/2016,4.701,32942.36,3.165
31/12/2016,6.782,47620.45,4.884
