Date,TRP [mg/l]
01/10/2009,0.0186
02/10/2009,0.0185
03/10/2009,0.0185
04/10/2009,0.0182
05/10/2009,0.0182
06/10/2009,0.0254
07/10/2009,0.0234
08/10/2009,0.0203
09/10/2009,0.0208
10/10/2009,0.0595
11/10/2009,0.0565
12/10/2009,0.0519
13/10/2009,0.0475
14/10/2009,0.0459
15/10/2009,0.0483
16/10/2009,0.0489
17/10/2009,0.0437
18/10/2009,0.0451
19/10/2009,0.0461
20/10/2009,0.2042
21/10/2009,0.1557
22/10/2009,0.2569
23/10/2009,0.1035
24/10/2009,0.1133
25/10/2009,0.071
26/10/2009,0.0582
27/10/2009,0.0632
28/10/2009,0.0658
29/10/2009,0.0548
30/10/2009,0.1404
31/10/2009,0.1189
01/11/2009,0.1371
02/11/2009,0.0729
03/11/2009,0.0594
04/11/2009,0.0503
05/11/2009,0.0404
06/11/2009,0.0446
07/11/2009,0.0398
08/11/2009,0.0372
09/11/2009,0.0357
10/11/2009,0.1055
11/11/2009,0.0514
12/11/2009,0.1054
13/11/2009,0.0771
14/11/2009,0.1081
15/11/2009,0.073
16/11/2009,0.0799
17/11/2009,0.0512
18/11/2009,0.0758
19/11/2009,0.1058
20/11/2009,0.0885
21/11/2009,0.0736
22/11/2009,0.0675
23/11/2009,0.052
24/11/2009,0.0608
25/11/2009,0.0615
26/11/2009,0.0432
27/11/2009,0.0376
28/11/2009,0.0623
29/11/2009,0.0713
30/11/2009,0.0535
01/12/2009,0.0476
02/12/2009,0.0575
03/12/2009,0.0424
04/12/2009,0.0373
05/12/2009,0.0659
06/12/2009,0.0635
07/12/2009,0.059
08/12/2009,0.0546
09/12/2009,0.0534
10/12/2009,0.0525
11/12/2009,0.0406
12/12/2009,0.0364
13/12/2009,0.0396
14/12/2009,0.0341
15/12/2009,0.0473
16/12/2009,0.0663
17/12/2009,0.0621
18/12/2009,0.0584
19/12/2009,0.0374
20/12/2009,0.0318
21/12/2009,0.028
22/12/2009,0.0271
23/12/2009,0.041
24/12/2009,0.0861
25/12/2009,0.054
26/12/2009,0.0542
27/12/2009,0.0454
28/12/2009,0.1395
29/12/2009,0.1095
30/12/2009,0.0572
31/12/2009,0.0463
01/01/2010,0.0296
02/01/2010,0.0247
03/01/2010,0.0277
04/01/2010,0.1853
05/01/2010,0.0677
06/01/2010,0.0268
07/01/2010,0.029
08/01/2010,0.025
09/01/2010,0.0273
10/01/2010,0.0328
11/01/2010,0.0697
12/01/2010,0.1331
13/01/2010,0.0552
14/01/2010,0.0408
15/01/2010,0.0531
16/01/2010,0.0951
17/01/2010,0.0352
18/01/2010,0.0272
19/01/2010,0.0288
20/01/2010,0.0431
21/01/2010,0.0621
22/01/2010,0.0371
23/01/2010,0.0307
24/01/2010,0.0262
25/01/2010,0.0246
26/01/2010,0.0308
27/01/2010,0.0301
28/01/2010,0.0319
29/01/2010,0.0346
30/01/2010,0.0294
31/01/2010,0.0257
01/02/2010,0.0271
02/02/2010,0.0378
03/02/2010,0.1213
04/02/2010,0.1683
05/02/2010,0.0911
06/02/2010,0.0553
07/02/2010,0.0395
08/02/2010,0.0352
09/02/2010,0.0334
10/02/2010,0.0316
11/02/2010,0.0332
12/02/2010,0.0309
13/02/2010,0.0333
14/02/2010,0.0302
15/02/2010,0.0309
16/02/2010,0.0316
17/02/2010,0.0314
18/02/2010,0.0346
19/02/2010,0.0364
20/02/2010,0.0324
21/02/2010,0.0317
22/02/2010,0.0314
23/02/2010,0.0429
24/02/2010,0.2176
25/02/2010,0.0867
26/02/2010,0.0442
27/02/2010,0.025
28/02/2010,0.0235
01/03/2010,0.0218
02/03/2010,0.1212
03/03/2010,0.025
04/03/2010,0.0235
05/03/2010,0.0216
06/03/2010,0.0228
07/03/2010,0.024
08/03/2010,0.0217
09/03/2010,0.0197
10/03/2010,0.0192
11/03/2010,0.0189
12/03/2010,0.0211
13/03/2010,0.0227
14/03/2010,0.0232
15/03/2010,0.0218
16/03/2010,0.0223
17/03/2010,0.0212
18/03/2010,0.0273
19/03/2010,0.0314
20/03/2010,0.1185
21/03/2010,0.0744
22/03/2010,0.0695
23/03/2010,0.0526
24/03/2010,0.1114
25/03/2010,0.1105
26/03/2010,0.1138
27/03/2010,0.0592
28/03/2010,0.0443
29/03/2010,0.0768
30/03/2010,0.0716
31/03/2010,0.0551
01/04/2010,0.0404
02/04/2010,0.2404
03/04/2010,0.0367
04/04/2010,0.0416
05/04/2010,0.0362
06/04/2010,0.0774
07/04/2010,0.0496
08/04/2010,0.0345
09/04/2010,0.0291
10/04/2010,0.0329
11/04/2010,0.0279
12/04/2010,0.0256
13/04/2010,0.0254
14/04/2010,0.0245
15/04/2010,0.0224
16/04/2010,0.0222
17/04/2010,0.0214
18/04/2010,0.0209
19/04/2010,0.0202
20/04/2010,0.0205
21/04/2010,0.0191
22/04/2010,0.0749
23/04/2010,0.0241
24/04/2010,0.0211
25/04/2010,0.0465
26/04/2010,0.0461
27/04/2010,0.0317
28/04/2010,0.0262
29/04/2010,0.0245
30/04/2010,0.0231
01/05/2010,0.0231
02/05/2010,0.0235
03/05/2010,0.0209
04/05/2010,0.0484
05/05/2010,0.0428
06/05/2010,0.0345
07/05/2010,0.0354
08/05/2010,0.0308
09/05/2010,0.0234
10/05/2010,0.0237
11/05/2010,0.0234
12/05/2010,0.0248
13/05/2010,0.0292
14/05/2010,0.0375
15/05/2010,0.035
16/05/2010,0.0298
17/05/2010,0.0292
18/05/2010,0.028
19/05/2010,0.0328
20/05/2010,0.0323
21/05/2010,0.0317
22/05/2010,0.0383
23/05/2010,0.0434
24/05/2010,0.0424
25/05/2010,0.0413
26/05/2010,0.0382
27/05/2010,0.036
28/05/2010,0.0366
29/05/2010,0.1119
30/05/2010,0.0954
31/05/2010,0.0677
01/06/2010,0.1569
02/06/2010,0.0902
03/06/2010,0.0792
04/06/2010,0.0711
05/06/2010,0.0722
06/06/2010,0.0787
07/06/2010,0.0989
08/06/2010,0.1433
09/06/2010,0.0952
10/06/2010,0.0852
11/06/2010,0.0745
12/06/2010,0.0717
13/06/2010,0.0714
14/06/2010,0.0682
15/06/2010,0.07
16/06/2010,0.0728
17/06/2010,0.0668
18/06/2010,0.0661
19/06/2010,0.0677
20/06/2010,0.0658
21/06/2010,0.0698
22/06/2010,0.0671
23/06/2010,0.067
24/06/2010,0.0664
25/06/2010,0.0684
26/06/2010,0.0673
27/06/2010,0.0689
28/06/2010,0.0666
29/06/2010,0.0652
30/06/2010,0.0679
01/07/2010,0.1002
02/07/2010,0.0886
03/07/2010,0.0817
04/07/2010,0.0748
05/07/2010,0.0685
06/07/2010,0.0707
07/07/2010,0.0628
08/07/2010,0.0642
09/07/2010,0.0759
10/07/2010,0.091
11/07/2010,0.1169
12/07/2010,0.1
13/07/2010,0.1048
14/07/2010,0.1544
15/07/2010,0.1587
16/07/2010,0.1986
17/07/2010,0.1471
18/07/2010,0.1276
19/07/2010,0.1798
20/07/2010,0.0908
21/07/2010,0.0927
22/07/2010,0.0868
23/07/2010,0.0741
24/07/2010,0.0646
25/07/2010,0.0623
26/07/2010,0.064
27/07/2010,0.0609
28/07/2010,0.0535
29/07/2010,0.0484
30/07/2010,0.0465
31/07/2010,0.0452
01/08/2010,0.0415
02/08/2010,0.0352
03/08/2010,0.0386
04/08/2010,0.0391
05/08/2010,0.0356
06/08/2010,0.0353
07/08/2010,0.0344
08/08/2010,0.0365
09/08/2010,0.0361
10/08/2010,0.0356
11/08/2010,0.0345
12/08/2010,0.046
13/08/2010,0.0381
14/08/2010,0.0347
15/08/2010,0.0367
16/08/2010,0.0339
17/08/2010,0.0338
18/08/2010,0.036
19/08/2010,0.0376
20/08/2010,0.0466
21/08/2010,0.0558
22/08/2010,0.0478
23/08/2010,0.0605
24/08/2010,0.0616
25/08/2010,0.0495
26/08/2010,0.0499
27/08/2010,0.0471
28/08/2010,0.0436
29/08/2010,0.0419
30/08/2010,0.0427
31/08/2010,0.0419
01/09/2010,0.0407
02/09/2010,0.0397
03/09/2010,0.04
04/09/2010,0.0391
05/09/2010,0.0492
06/09/2010,0.15
07/09/2010,0.0865
08/09/2010,0.1396
09/09/2010,0.1397
10/09/2010,0.1124
11/09/2010,0.1433
12/09/2010,0.0868
13/09/2010,0.0681
14/09/2010,0.0661
15/09/2010,0.0529
16/09/2010,0.0472
17/09/2010,0.0524
18/09/2010,0.0431
19/09/2010,0.0383
20/09/2010,0.0372
21/09/2010,0.0361
22/09/2010,0.035
23/09/2010,0.0339
24/09/2010,0.0328
25/09/2010,0.0317
26/09/2010,0.0306
27/09/2010,0.0295
28/09/2010,0.0287
29/09/2010,0.0509
30/09/2010,0.0295
01/10/2010,0.0516
02/10/2010,0.0439
03/10/2010,0.0796
04/10/2010,0.0751
05/10/2010,0.0708
06/10/2010,0.0757
07/10/2010,0.0691
08/10/2010,0.0696
09/10/2010,0.0685
10/10/2010,0.0608
11/10/2010,0.0562
12/10/2010,0.0531
13/10/2010,0.0435
14/10/2010,0.0446
15/10/2010,0.0419
16/10/2010,0.0393
17/10/2010,0.0359
18/10/2010,0.0305
19/10/2010,0.0344
20/10/2010,0.0347
21/10/2010,0.0434
22/10/2010,0.0463
23/10/2010,0.05
24/10/2010,0.0429
25/10/2010,0.0385
26/10/2010,0.0512
27/10/2010,0.059
28/10/2010,0.0632
29/10/2010,0.2478
30/10/2010,0.1492
31/10/2010,0.1576
01/11/2010,0.1565
02/11/2010,0.1292
03/11/2010,0.07
04/11/2010,0.0639
05/11/2010,0.066
06/11/2010,0.056
07/11/2010,0.0486
08/11/2010,0.2053
09/11/2010,0.1785
10/11/2010,0.0767
11/11/2010,0.0936
12/11/2010,0.0779
13/11/2010,0.0411
14/11/2010,0.0439
15/11/2010,0.051
16/11/2010,0.0596
17/11/2010,0.1702
18/11/2010,0.0904
19/11/2010,0.0655
20/11/2010,0.0596
21/11/2010,0.0586
22/11/2010,0.0577
23/11/2010,0.0567
24/11/2010,0.0558
25/11/2010,0.0548
26/11/2010,0.0538
27/11/2010,0.0529
28/11/2010,0.0519
29/11/2010,0.051
30/11/2010,0.0536
01/12/2010,0.0512
02/12/2010,0.0467
03/12/2010,0.0444
04/12/2010,0.0468
05/12/2010,0.0532
06/12/2010,0.0424
07/12/2010,0.0433
08/12/2010,0.0467
09/12/2010,0.0455
10/12/2010,0.076
11/12/2010,0.095
12/12/2010,0.0637
13/12/2010,0.0727
14/12/2010,0.0587
15/12/2010,0.048
16/12/2010,0.0537
17/12/2010,0.0484
18/12/2010,0.0459
19/12/2010,0.0422
20/12/2010,0.042
21/12/2010,0.0418
22/12/2010,0.0428
23/12/2010,0.042
24/12/2010,0.0414
25/12/2010,0.0415
26/12/2010,0.0549
27/12/2010,0.1391
28/12/2010,0.0975
29/12/2010,0.0589
30/12/2010,0.0516
31/12/2010,0.0464
01/01/2011,0.0417
02/01/2011,0.0393
03/01/2011,0.0373
04/01/2011,0.036
05/01/2011,0.0359
06/01/2011,0.0345
07/01/2011,0.0418
08/01/2011,0.0611
09/01/2011,0.0415
10/01/2011,0.1017
11/01/2011,0.0694
12/01/2011,0.0733
13/01/2011,0.061
14/01/2011,0.0542
15/01/2011,0.0883
16/01/2011,0.0683
17/01/2011,0.0478
18/01/2011,0.0391
19/01/2011,0.0352
20/01/2011,0.0326
21/01/2011,0.031
22/01/2011,0.0309
23/01/2011,0.0312
24/01/2011,0.0327
25/01/2011,0.0337
26/01/2011,0.0362
27/01/2011,0.0346
28/01/2011,0.0331
29/01/2011,0.0312
30/01/2011,0.0328
31/01/2011,0.0322
01/02/2011,0.0362
02/02/2011,0.0385
03/02/2011,0.0395
04/02/2011,0.0447
05/02/2011,0.0786
06/02/2011,0.0865
07/02/2011,0.0611
08/02/2011,0.054
09/02/2011,0.2018
10/02/2011,0.1049
11/02/2011,0.0567
12/02/2011,0.0471
13/02/2011,0.0873
14/02/2011,0.048
15/02/2011,0.0502
16/02/2011,0.2483
17/02/2011,0.08
18/02/2011,0.4412
19/02/2011,0.1777
20/02/2011,0.0557
21/02/2011,0.0554
22/02/2011,0.0633
23/02/2011,0.0422
24/02/2011,0.0391
25/02/2011,0.2435
26/02/2011,0.0699
27/02/2011,0.0379
28/02/2011,0.0323
01/03/2011,0.0321
02/03/2011,0.0309
03/03/2011,0.0289
04/03/2011,0.0287
05/03/2011,0.0359
06/03/2011,0.0311
07/03/2011,0.0292
08/03/2011,0.0285
09/03/2011,0.0309
10/03/2011,0.0482
11/03/2011,0.0671
12/03/2011,0.042
13/03/2011,0.0367
14/03/2011,0.0326
15/03/2011,0.0365
16/03/2011,0.0404
17/03/2011,0.0377
18/03/2011,0.043
19/03/2011,0.0337
20/03/2011,0.0362
21/03/2011,0.0354
22/03/2011,0.0347
23/03/2011,0.0326
24/03/2011,0.031
25/03/2011,0.0288
26/03/2011,0.0264
27/03/2011,0.024
28/03/2011,0.0223
29/03/2011,0.038
30/03/2011,0.0362
31/03/2011,0.0314
01/04/2011,0.0283
02/04/2011,0.0283
03/04/2011,0.0276
04/04/2011,0.025
05/04/2011,0.0301
06/04/2011,0.0286
07/04/2011,0.0268
08/04/2011,0.0285
09/04/2011,0.0258
10/04/2011,0.0239
11/04/2011,0.0246
12/04/2011,0.0237
13/04/2011,0.0318
14/04/2011,0.0307
15/04/2011,0.0269
16/04/2011,0.0294
17/04/2011,0.0263
18/04/2011,0.0247
19/04/2011,0.0227
20/04/2011,0.0243
21/04/2011,0.0204
22/04/2011,0.021
23/04/2011,0.0264
24/04/2011,0.0235
25/04/2011,0.019
26/04/2011,0.0181
27/04/2011,0.0181
28/04/2011,0.0169
29/04/2011,0.0151
30/04/2011,0.0159
01/05/2011,0.017
02/05/2011,0.0185
03/05/2011,0.0192
04/05/2011,0.0247
05/05/2011,0.0327
06/05/2011,0.0605
07/05/2011,0.0502
08/05/2011,0.0614
09/05/2011,0.0488
10/05/2011,0.0444
11/05/2011,0.0459
12/05/2011,0.0409
13/05/2011,0.0385
14/05/2011,0.0428
15/05/2011,0.0421
16/05/2011,0.0447
17/05/2011,0.0454
18/05/2011,0.0452
19/05/2011,0.0451
20/05/2011,0.0537
21/05/2011,0.0524
22/05/2011,0.0541
23/05/2011,0.063
24/05/2011,0.0492
25/05/2011,0.0493
26/05/2011,0.0528
27/05/2011,0.0539
28/05/2011,0.0501
29/05/2011,0.0525
30/05/2011,0.0547
31/05/2011,0.0542
01/06/2011,0.0519
02/06/2011,0.0555
03/06/2011,0.057
04/06/2011,0.0537
05/06/2011,0.0521
06/06/2011,0.0566
07/06/2011,0.0778
08/06/2011,0.063
09/06/2011,0.0683
10/06/2011,0.0867
11/06/2011,0.0687
12/06/2011,0.1169
13/06/2011,0.1162
14/06/2011,0.0798
15/06/2011,0.0722
16/06/2011,0.0676
17/06/2011,0.1235
18/06/2011,0.1362
19/06/2011,0.1049
20/06/2011,0.0881
21/06/2011,0.1029
22/06/2011,0.0944
23/06/2011,0.0845
24/06/2011,0.103
25/06/2011,0.1392
26/06/2011,0.1221
27/06/2011,0.1141
28/06/2011,0.0948
29/06/2011,0.0807
30/06/2011,0.0768
01/07/2011,0.0747
02/07/2011,0.0719
03/07/2011,0.0687
04/07/2011,0.0712
05/07/2011,0.0993
06/07/2011,0.0973
07/07/2011,0.1092
08/07/2011,0.1537
09/07/2011,0.1414
10/07/2011,0.1171
11/07/2011,0.1135
12/07/2011,0.0879
13/07/2011,0.0791
14/07/2011,0.0757
15/07/2011,0.0737
16/07/2011,0.078
17/07/2011,0.0949
18/07/2011,0.0723
19/07/2011,0.07
20/07/2011,0.0668
21/07/2011,0.062
22/07/2011,0.0642
23/07/2011,0.0587
24/07/2011,0.0606
25/07/2011,0.0653
26/07/2011,0.0772
27/07/2011,0.0719
28/07/2011,0.0883
29/07/2011,0.0851
30/07/2011,0.0802
31/07/2011,0.0802
01/08/2011,0.1
02/08/2011,0.0846
03/08/2011,0.0745
04/08/2011,0.0788
05/08/2011,0.0694
06/08/2011,0.0917
07/08/2011,0.1273
08/08/2011,0.1304
09/08/2011,0.0921
10/08/2011,0.0731
11/08/2011,0.1087
12/08/2011,0.0906
13/08/2011,0.0891
14/08/2011,0.0807
15/08/2011,0.0714
16/08/2011,0.0788
17/08/2011,0.068
18/08/2011,0.0633
19/08/2011,0.0616
20/08/2011,0.0657
21/08/2011,0.0741
22/08/2011,0.0668
23/08/2011,0.0624
24/08/2011,0.0683
25/08/2011,0.0618
26/08/2011,0.0613
27/08/2011,0.0578
28/08/2011,0.0564
29/08/2011,0.0586
30/08/2011,0.0571
31/08/2011,0.058
01/09/2011,0.0566
02/09/2011,0.0534
03/09/2011,0.0626
04/09/2011,0.0733
05/09/2011,0.0703
06/09/2011,0.0801
07/09/2011,0.0667
08/09/2011,0.0601
09/09/2011,0.0703
10/09/2011,0.1324
11/09/2011,0.12
12/09/2011,0.1042
13/09/2011,0.0806
14/09/2011,0.0651
15/09/2011,0.057
16/09/2011,0.0702
17/09/2011,0.0703
18/09/2011,0.069
19/09/2011,0.0606
20/09/2011,0.0604
21/09/2011,0.0564
22/09/2011,0.0552
23/09/2011,0.0523
24/09/2011,0.0568
25/09/2011,0.063
26/09/2011,0.0609
27/09/2011,0.0558
28/09/2011,0.0594
29/09/2011,0.0609
30/09/2011,0.0633
01/10/2011,0.1519
02/10/2011,0.1502
03/10/2011,0.1081
04/10/2011,0.0849
05/10/2011,0.0792
06/10/2011,0.0754
07/10/2011,0.0644
08/10/2011,0.0634
09/10/2011,0.0634
10/10/2011,0.0689
11/10/2011,0.0681
12/10/2011,0.0715
13/10/2011,0.0699
14/10/2011,0.0705
15/10/2011,0.0721
16/10/2011,0.0716
17/10/2011,0.0759
18/10/2011,0.0799
19/10/2011,0.0596
20/10/2011,0.0576
21/10/2011,0.0592
22/10/2011,0.0828
23/10/2011,0.2332
24/10/2011,0.2563
25/10/2011,0.1567
26/10/2011,0.0981
27/10/2011,0.0824
28/10/2011,0.0674
29/10/2011,0.0794
30/10/2011,0.0746
31/10/2011,0.0933
01/11/2011,0.0762
02/11/2011,0.0715
03/11/2011,0.1066
04/11/2011,0.0964
05/11/2011,0.0666
06/11/2011,0.0574
07/11/2011,0.0492
08/11/2011,0.0501
09/11/2011,0.1314
10/11/2011,0.073
11/11/2011,0.167
12/11/2011,0.1045
13/11/2011,0.072
14/11/2011,0.0613
15/11/2011,0.0567
16/11/2011,0.1213
17/11/2011,0.1968
18/11/2011,0.1666
19/11/2011,0.0856
20/11/2011,0.0689
21/11/2011,0.0638
22/11/2011,0.0597
23/11/2011,0.0572
24/11/2011,0.0557
25/11/2011,0.0676
26/11/2011,0.0547
27/11/2011,0.0634
28/11/2011,0.0532
29/11/2011,0.1512
30/11/2011,0.0786
01/12/2011,0.096
02/12/2011,0.0617
03/12/2011,0.062
04/12/2011,0.0576
05/12/2011,0.0556
06/12/2011,0.0473
07/12/2011,0.044
08/12/2011,0.0449
09/12/2011,0.0418
10/12/2011,0.0391
11/12/2011,0.0538
12/12/2011,0.072
13/12/2011,0.0946
14/12/2011,0.0484
15/12/2011,0.0455
16/12/2011,0.0451
17/12/2011,0.0455
18/12/2011,0.0417
19/12/2011,0.0738
20/12/2011,0.0643
21/12/2011,0.0715
22/12/2011,0.0483
23/12/2011,0.0728
24/12/2011,0.0511
25/12/2011,0.05
26/12/2011,0.0531
27/12/2011,0.0525
28/12/2011,0.0672
29/12/2011,0.0549
30/12/2011,0.0608
31/12/2011,0.0656
01/01/2012,0.0712
02/01/2012,0.0552
03/01/2012,0.1225
04/01/2012,0.0611
05/01/2012,0.0539
06/01/2012,0.0518
07/01/2012,0.0531
08/01/2012,0.0532
09/01/2012,0.0539
10/01/2012,0.0489
11/01/2012,0.0489
12/01/2012,0.0459
13/01/2012,0.0392
14/01/2012,0.0371
15/01/2012,0.0368
16/01/2012,0.0351
17/01/2012,0.0374
18/01/2012,0.0398
19/01/2012,0.0428
20/01/2012,0.0411
21/01/2012,0.0479
22/01/2012,0.0433
23/01/2012,0.0409
24/01/2012,0.0556
25/01/2012,0.0602
26/01/2012,0.0895
27/01/2012,0.0561
28/01/2012,0.0492
29/01/2012,0.0971
30/01/2012,0.0996
31/01/2012,0.0717
01/02/2012,0.0465
02/02/2012,0.0377
03/02/2012,0.0365
04/02/2012,0.0444
05/02/2012,0.048
06/02/2012,0.0447
07/02/2012,0.0424
08/02/2012,0.0388
09/02/2012,0.0376
10/02/2012,0.0554
11/02/2012,0.0686
12/02/2012,0.0475
13/02/2012,0.039
14/02/2012,0.0375
15/02/2012,0.0375
16/02/2012,0.0381
17/02/2012,0.0382
18/02/2012,0.04
19/02/2012,0.035
20/02/2012,0.0322
21/02/2012,0.0343
22/02/2012,0.0424
23/02/2012,0.0486
24/02/2012,0.0455
25/02/2012,0.0406
26/02/2012,0.0371
27/02/2012,0.0382
28/02/2012,0.0399
29/02/2012,0.0395
01/03/2012,0.0433
02/03/2012,0.0413
03/03/2012,0.1089
04/03/2012,0.0605
05/03/2012,0.0446
06/03/2012,0.0395
07/03/2012,0.0489
08/03/2012,0.0422
09/03/2012,0.0407
10/03/2012,0.0478
11/03/2012,0.0452
12/03/2012,0.0431
13/03/2012,0.0427
14/03/2012,0.0412
15/03/2012,0.0415
16/03/2012,0.0475
17/03/2012,0.1491
18/03/2012,0.14
19/03/2012,0.0591
20/03/2012,0.0487
21/03/2012,0.0473
22/03/2012,0.066
23/03/2012,0.0499
24/03/2012,0.0441
25/03/2012,0.0421
26/03/2012,0.0388
27/03/2012,0.038
28/03/2012,0.0891
29/03/2012,0.0464
30/03/2012,0.0416
31/03/2012,0.0396
01/04/2012,0.0398
02/04/2012,0.0391
03/04/2012,0.0376
04/04/2012,0.0543
05/04/2012,0.0388
06/04/2012,0.0439
07/04/2012,0.0371
08/04/2012,0.0408
09/04/2012,0.0522
10/04/2012,0.053
11/04/2012,0.0463
12/04/2012,0.0423
13/04/2012,0.0622
14/04/2012,0.078
15/04/2012,0.0567
16/04/2012,0.0461
17/04/2012,0.1903
18/04/2012,0.2027
19/04/2012,0.0837
20/04/2012,0.0647
21/04/2012,0.0661
22/04/2012,0.0606
23/04/2012,0.0592
24/04/2012,0.0523
25/04/2012,0.124
26/04/2012,0.0895
27/04/2012,0.0547
28/04/2012,0.0475
29/04/2012,0.0654
30/04/2012,0.0935
01/05/2012,0.1574
02/05/2012,0.1008
03/05/2012,0.0564
04/05/2012,0.0455
05/05/2012,0.043
06/05/2012,0.0404
07/05/2012,0.0827
08/05/2012,0.0503
09/05/2012,0.0455
10/05/2012,0.0919
11/05/2012,0.0543
12/05/2012,0.0502
13/05/2012,0.0438
14/05/2012,0.0428
15/05/2012,0.0413
16/05/2012,0.0388
17/05/2012,0.0357
18/05/2012,0.0362
19/05/2012,0.0486
20/05/2012,0.0368
21/05/2012,0.035
22/05/2012,0.0338
23/05/2012,0.0365
24/05/2012,0.0395
25/05/2012,0.0419
26/05/2012,0.0453
27/05/2012,0.0454
28/05/2012,0.0461
29/05/2012,0.0451
30/05/2012,0.0444
31/05/2012,0.0571
01/06/2012,0.0553
02/06/2012,0.0539
03/06/2012,0.1864
04/06/2012,0.1161
05/06/2012,0.103
06/06/2012,0.5106
07/06/2012,0.1732
08/06/2012,0.0908
09/06/2012,0.0598
10/06/2012,0.0474
11/06/2012,0.0442
12/06/2012,0.0424
13/06/2012,0.0662
14/06/2012,0.0877
15/06/2012,0.2391
16/06/2012,0.1358
17/06/2012,0.0697
18/06/2012,0.0541
19/06/2012,0.051
20/06/2012,0.0483
21/06/2012,0.1635
22/06/2012,0.0836
23/06/2012,0.0576
24/06/2012,0.0604
25/06/2012,0.0484
26/06/2012,0.0566
27/06/2012,0.0497
28/06/2012,0.148
29/06/2012,0.1073
30/06/2012,0.0676
01/07/2012,0.0538
02/07/2012,0.0557
03/07/2012,0.0516
04/07/2012,0.0576
05/07/2012,0.0504
06/07/2012,0.1202
07/07/2012,0.1355
08/07/2012,0.0722
09/07/2012,0.06
10/07/2012,0.0526
11/07/2012,0.0473
12/07/2012,0.0459
13/07/2012,0.145
14/07/2012,0.0806
15/07/2012,0.0552
16/07/2012,0.0562
17/07/2012,0.0545
18/07/2012,0.0549
19/07/2012,0.0532
20/07/2012,0.071
21/07/2012,0.0478
22/07/2012,0.0477
23/07/2012,0.0503
24/07/2012,0.0534
25/07/2012,0.0526
26/07/2012,0.0509
27/07/2012,0.0482
28/07/2012,0.0528
29/07/2012,0.0506
30/07/2012,0.0443
31/07/2012,0.0663
01/08/2012,0.1739
02/08/2012,0.086
03/08/2012,0.2169
04/08/2012,0.1463
05/08/2012,0.1349
06/08/2012,0.1334
07/08/2012,0.0758
08/08/2012,0.0752
09/08/2012,0.06
10/08/2012,0.0535
11/08/2012,0.0522
12/08/2012,0.0543
13/08/2012,0.0904
14/08/2012,0.0707
15/08/2012,0.1734
16/08/2012,0.1361
17/08/2012,0.1578
18/08/2012,0.0866
19/08/2012,0.064
20/08/2012,0.0573
21/08/2012,0.0499
22/08/2012,0.0484
23/08/2012,0.0469
24/08/2012,0.0994
25/08/2012,0.1208
26/08/2012,0.0721
27/08/2012,0.1271
28/08/2012,0.1023
29/08/2012,0.0971
30/08/2012,0.073
31/08/2012,0.0549
01/09/2012,0.0534
02/09/2012,0.0514
03/09/2012,0.0489
04/09/2012,0.049
05/09/2012,0.046
06/09/2012,0.0418
07/09/2012,0.0429
08/09/2012,0.0441
09/09/2012,0.0473
10/09/2012,0.0606
11/09/2012,0.0557
12/09/2012,0.0419
13/09/2012,0.0444
14/09/2012,0.0401
15/09/2012,0.04
16/09/2012,0.0482
17/09/2012,0.0433
18/09/2012,0.0404
19/09/2012,0.0401
20/09/2012,0.0402
21/09/2012,0.0595
22/09/2012,0.0429
23/09/2012,0.0396
24/09/2012,0.0462
25/09/2012,0.1041
26/09/2012,0.0917
27/09/2012,0.0648
28/09/2012,0.0539
29/09/2012,0.0507
30/09/2012,0.0601
01/10/2012,0.0568
02/10/2012,0.0548
03/10/2012,0.0493
04/10/2012,0.0445
05/10/2012,0.0468
06/10/2012,0.0442
07/10/2012,0.0429
08/10/2012,0.0768
09/10/2012,0.0604
10/10/2012,0.0803
11/10/2012,0.1703
12/10/2012,0.0942
13/10/2012,0.0657
14/10/2012,0.0556
15/10/2012,0.0639
16/10/2012,0.089
17/10/2012,0.1802
18/10/2012,0.1243
19/10/2012,0.0793
20/10/2012,0.065
21/10/2012,0.0537
22/10/2012,0.0494
23/10/2012,0.0576
24/10/2012,0.05
25/10/2012,0.0477
26/10/2012,0.0437
27/10/2012,0.0396
28/10/2012,0.0409
29/10/2012,0.0415
30/10/2012,0.0383
31/10/2012,0.1921
01/11/2012,0.1055
02/11/2012,0.0591
03/11/2012,0.0473
04/11/2012,0.1745
05/11/2012,0.2174
06/11/2012,0.0818
07/11/2012,0.0604
08/11/2012,0.0531
09/11/2012,0.1001
10/11/2012,0.0878
11/11/2012,0.0576
12/11/2012,0.1449
13/11/2012,0.0965
14/11/2012,0.0828
15/11/2012,0.0573
16/11/2012,0.0458
17/11/2012,0.0425
18/11/2012,0.0483
19/11/2012,0.2281
20/11/2012,0.1486
21/11/2012,0.0831
22/11/2012,0.1449
23/11/2012,0.1136
24/11/2012,0.0799
25/11/2012,0.1326
26/11/2012,0.1191
27/11/2012,0.0578
28/11/2012,0.043
29/11/2012,0.0376
30/11/2012,0.034
01/12/2012,0.0318
02/12/2012,0.0431
03/12/2012,0.0606
04/12/2012,0.039
05/12/2012,0.0385
06/12/2012,0.0345
07/12/2012,0.0431
08/12/2012,0.0351
09/12/2012,0.035
10/12/2012,0.037
11/12/2012,0.0567
12/12/2012,0.0323
13/12/2012,0.0444
14/12/2012,0.1167
15/12/2012,0.0907
16/12/2012,0.0617
17/12/2012,0.0541
18/12/2012,0.0489
19/12/2012,0.1063
20/12/2012,0.0889
21/12/2012,0.0424
22/12/2012,0.0867
23/12/2012,0.0478
24/12/2012,0.065
25/12/2012,0.0796
26/12/2012,0.0754
27/12/2012,0.1175
28/12/2012,0.0711
29/12/2012,0.057
30/12/2012,0.0431
31/12/2012,0.0459
01/01/2013,0.0421
02/01/2013,0.0394
03/01/2013,0.0376
04/01/2013,0.0356
05/01/2013,0.0354
06/01/2013,0.0356
07/01/2013,0.0357
08/01/2013,0.0499
09/01/2013,0.0408
10/01/2013,0.0472
11/01/2013,0.0555
12/01/2013,0.0588
13/01/2013,0.0524
14/01/2013,0.0447
15/01/2013,0.0361
16/01/2013,0.0509
17/01/2013,0.0931
18/01/2013,0.1215
19/01/2013,0.0885
20/01/2013,0.0553
21/01/2013,0.0451
22/01/2013,0.0349
23/01/2013,0.0319
24/01/2013,0.0298
25/01/2013,0.123
26/01/2013,0.1047
27/01/2013,0.0811
28/01/2013,0.0772
29/01/2013,0.0683
30/01/2013,0.0557
31/01/2013,0.0575
01/02/2013,0.0389
02/02/2013,0.0357
03/02/2013,0.043
04/02/2013,0.0369
05/02/2013,0.0329
06/02/2013,0.0307
07/02/2013,0.0322
08/02/2013,0.0387
09/02/2013,0.0351
10/02/2013,0.1017
11/02/2013,0.0841
12/02/2013,0.0485
13/02/2013,0.0718
14/02/2013,0.0665
15/02/2013,0.0458
16/02/2013,0.0403
17/02/2013,0.0364
18/02/2013,0.0322
19/02/2013,0.0299
20/02/2013,0.0267
21/02/2013,0.0266
22/02/2013,0.0248
23/02/2013,0.0252
24/02/2013,0.0277
25/02/2013,0.0281
26/02/2013,0.0272
27/02/2013,0.0282
28/02/2013,0.0279
01/03/2013,0.0289
02/03/2013,0.0376
03/03/2013,0.0295
04/03/2013,0.029
05/03/2013,0.0305
06/03/2013,0.0367
07/03/2013,0.1921
08/03/2013,0.285
09/03/2013,0.1094
10/03/2013,0.1155
11/03/2013,0.0595
12/03/2013,0.0429
13/03/2013,0.0406
14/03/2013,0.0375
15/03/2013,0.0405
16/03/2013,0.0436
17/03/2013,0.0374
18/03/2013,0.0381
19/03/2013,0.049
20/03/2013,0.0415
21/03/2013,0.0704
22/03/2013,0.0946
23/03/2013,0.0624
24/03/2013,0.0334
25/03/2013,0.0263
26/03/2013,0.0249
27/03/2013,0.0238
28/03/2013,0.0233
29/03/2013,0.0236
30/03/2013,0.0249
31/03/2013,0.0245
01/04/2013,0.0224
02/04/2013,0.0245
03/04/2013,0.0292
04/04/2013,0.032
05/04/2013,0.0269
06/04/2013,0.0255
07/04/2013,0.0233
08/04/2013,0.0243
09/04/2013,0.0238
10/04/2013,0.0167
11/04/2013,0.3848
12/04/2013,0.2228
13/04/2013,0.1647
14/04/2013,1.0646
15/04/2013,0.1948
16/04/2013,0.2398
17/04/2013,0.2412
18/04/2013,0.1244
19/04/2013,0.0666
20/04/2013,0.0907
21/04/2013,0.0819
22/04/2013,0.0625
23/04/2013,0.0542
24/04/2013,0.0511
25/04/2013,0.0492
26/04/2013,0.0457
27/04/2013,0.0405
28/04/2013,0.0407
29/04/2013,0.0371
30/04/2013,0.0345
01/05/2013,0.0381
02/05/2013,0.0389
03/05/2013,0.0398
04/05/2013,0.05
05/05/2013,0.0386
06/05/2013,0.0409
07/05/2013,0.0378
08/05/2013,0.1444
09/05/2013,0.0893
10/05/2013,0.0722
11/05/2013,0.0572
12/05/2013,0.0562
13/05/2013,0.0556
14/05/2013,0.0551
15/05/2013,0.0579
16/05/2013,0.0517
17/05/2013,0.0459
18/05/2013,0.0382
19/05/2013,0.0388
20/05/2013,0.0372
21/05/2013,0.0375
22/05/2013,0.0379
23/05/2013,0.0487
24/05/2013,0.0349
25/05/2013,0.0337
26/05/2013,0.0325
27/05/2013,0.0899
28/05/2013,0.0766
29/05/2013,0.0547
30/05/2013,0.0483
31/05/2013,0.0441
01/06/2013,0.0423
02/06/2013,0.0403
03/06/2013,0.0403
04/06/2013,0.0381
05/06/2013,0.0402
06/06/2013,0.0413
07/06/2013,0.0414
08/06/2013,0.0437
09/06/2013,0.0433
10/06/2013,0.0402
11/06/2013,0.0612
12/06/2013,0.063
13/06/2013,0.0668
14/06/2013,0.0875
15/06/2013,0.0956
16/06/2013,0.0734
17/06/2013,0.1286
18/06/2013,0.093
19/06/2013,0.0891
20/06/2013,0.1433
21/06/2013,0.0955
22/06/2013,0.0868
23/06/2013,0.0686
24/06/2013,0.0625
25/06/2013,0.0599
26/06/2013,0.0625
27/06/2013,0.0599
28/06/2013,0.0632
29/06/2013,0.0642
30/06/2013,0.0648
01/07/2013,0.0669
02/07/2013,0.0646
03/07/2013,0.0595
04/07/2013,0.0692
05/07/2013,0.0674
06/07/2013,0.0663
07/07/2013,0.0665
08/07/2013,0.066
09/07/2013,0.1273
10/07/2013,0.0907
11/07/2013,0.0761
12/07/2013,0.0698
13/07/2013,0.0687
14/07/2013,0.0651
15/07/2013,0.0615
16/07/2013,0.0535
17/07/2013,0.0522
18/07/2013,0.0504
19/07/2013,0.0495
20/07/2013,0.0516
21/07/2013,0.0516
22/07/2013,0.0492
23/07/2013,0.0493
24/07/2013,0.0481
25/07/2013,0.0482
26/07/2013,0.027
27/07/2013,0.0476
28/07/2013,0.0532
29/07/2013,0.0671
30/07/2013,0.0678
31/07/2013,0.1091
01/08/2013,0.11
02/08/2013,0.0883
03/08/2013,0.0807
04/08/2013,0.0775
05/08/2013,0.147
06/08/2013,0.0959
07/08/2013,0.0831
08/08/2013,0.083
09/08/2013,0.0812
10/08/2013,0.0756
11/08/2013,0.0735
12/08/2013,0.0688
13/08/2013,0.0658
14/08/2013,0.0686
15/08/2013,0.077
16/08/2013,0.0931
17/08/2013,0.0944
18/08/2013,0.0938
19/08/2013,0.0774
20/08/2013,0.0718
21/08/2013,0.074
22/08/2013,0.072
23/08/2013,0.0749
24/08/2013,0.0767
25/08/2013,0.0712
26/08/2013,0.0703
27/08/2013,0.0667
28/08/2013,0.0672
29/08/2013,0.0695
30/08/2013,0.0677
31/08/2013,0.0623
01/09/2013,0.0603
02/09/2013,0.0584
03/09/2013,0.0606
04/09/2013,0.0584
05/09/2013,0.0584
06/09/2013,0.057
07/09/2013,0.0573
08/09/2013,0.0543
09/09/2013,0.0529
10/09/2013,0.051
11/09/2013,0.0525
12/09/2013,0.0545
13/09/2013,0.0586
14/09/2013,0.057
15/09/2013,0.0563
16/09/2013,0.0502
17/09/2013,0.0763
18/09/2013,0.0645
19/09/2013,0.0481
20/09/2013,0.0455
21/09/2013,0.0446
22/09/2013,0.0456
23/09/2013,0.0476
24/09/2013,0.051
25/09/2013,0.0731
26/09/2013,0.0752
27/09/2013,0.0676
28/09/2013,0.0587
29/09/2013,0.0558
30/09/2013,0.0807
01/10/2013,0.127
02/10/2013,0.1667
03/10/2013,0.1947
04/10/2013,0.1114
05/10/2013,0.0827
06/10/2013,0.0879
07/10/2013,0.092
08/10/2013,0.0853
09/10/2013,0.0736
10/10/2013,0.0609
11/10/2013,0.0587
12/10/2013,0.06
13/10/2013,0.0617
14/10/2013,0.0581
15/10/2013,0.0573
16/10/2013,0.1351
17/10/2013,0.0546
18/10/2013,0.1011
19/10/2013,0.1029
20/10/2013,0.0723
21/10/2013,0.0834
22/10/2013,0.0673
23/10/2013,0.0509
24/10/2013,0.0502
25/10/2013,0.0894
26/10/2013,0.066
27/10/2013,0.0633
28/10/2013,0.0517
29/10/2013,0.0421
30/10/2013,0.0401
31/10/2013,0.0433
01/11/2013,0.0458
02/11/2013,0.0493
03/11/2013,0.0413
04/11/2013,0.0412
05/11/2013,0.0394
06/11/2013,0.0455
07/11/2013,0.043
08/11/2013,0.0347
09/11/2013,0.0325
10/11/2013,0.0325
11/11/2013,0.0646
12/11/2013,0.0382
13/11/2013,0.0296
14/11/2013,0.0291
15/11/2013,0.0282
16/11/2013,0.029
17/11/2013,0.0292
18/11/2013,0.0293
19/11/2013,0.0295
20/11/2013,0.0297
21/11/2013,0.0298
22/11/2013,0.03
23/11/2013,0.0302
24/11/2013,0.0304
25/11/2013,0.0305
26/11/2013,0.0307
27/11/2013,0.0309
28/11/2013,0.031
29/11/2013,0.0312
30/11/2013,0.0314
01/12/2013,0.0315
02/12/2013,0.0317
03/12/2013,0.0319
04/12/2013,0.0321
05/12/2013,0.0322
06/12/2013,0.0324
07/12/2013,0.0326
08/12/2013,0.0327
09/12/2013,0.0329
10/12/2013,0.033
11/12/2013,0.0345
12/12/2013,0.0482
13/12/2013,0.0596
14/12/2013,0.0638
15/12/2013,0.0453
16/12/2013,0.0445
17/12/2013,0.0348
18/12/2013,0.0726
19/12/2013,0.063
20/12/2013,0.0382
21/12/2013,0.0588
22/12/2013,0.0543
23/12/2013,0.1066
24/12/2013,0.0847
25/12/2013,0.0453
26/12/2013,0.0432
27/12/2013,0.0771
28/12/2013,0.0419
29/12/2013,0.0369
30/12/2013,0.1062
31/12/2013,0.0855
01/01/2014,0.0851
02/01/2014,0.0614
03/01/2014,0.0542
04/01/2014,0.0441
05/01/2014,0.0509
06/01/2014,0.0536
07/01/2014,0.0473
08/01/2014,0.0452
09/01/2014,0.0489
10/01/2014,0.0415
11/01/2014,0.0381
12/01/2014,0.0438
13/01/2014,0.043
14/01/2014,0.0405
15/01/2014,0.0444
16/01/2014,0.0415
17/01/2014,0.0398
18/01/2014,0.0478
19/01/2014,0.0395
20/01/2014,0.0374
21/01/2014,0.0433
22/01/2014,0.04
23/01/2014,0.0377
24/01/2014,0.0615
25/01/2014,0.0458
26/01/2014,0.0599
27/01/2014,0.0493
28/01/2014,0.0476
29/01/2014,0.0417
30/01/2014,0.0414
31/01/2014,0.0528
01/02/2014,0.054
02/02/2014,0.0515
03/02/2014,0.0536
04/02/2014,0.044
05/02/2014,0.0566
06/02/2014,0.042
07/02/2014,0.0384
08/02/2014,0.0602
09/02/2014,0.0443
10/02/2014,0.0371
11/02/2014,0.0457
12/02/2014,0.0393
13/02/2014,0.0355
14/02/2014,0.0376
15/02/2014,0.0441
16/02/2014,0.0306
17/02/2014,0.0446
18/02/2014,0.0372
19/02/2014,0.034
20/02/2014,0.0405
21/02/2014,0.0318
22/02/2014,0.0322
23/02/2014,0.0456
24/02/2014,0.0681
25/02/2014,0.057
26/02/2014,0.0356
27/02/2014,0.0451
28/02/2014,0.0598
01/03/2014,0.0348
02/03/2014,0.0406
03/03/2014,0.0424
04/03/2014,0.0356
05/03/2014,0.0324
06/03/2014,0.0372
07/03/2014,0.0578
08/03/2014,0.0401
09/03/2014,0.0391
10/03/2014,0.0367
11/03/2014,0.0299
12/03/2014,0.029
13/03/2014,0.0302
14/03/2014,0.039
15/03/2014,0.0377
16/03/2014,0.034
17/03/2014,0.0343
18/03/2014,0.0327
19/03/2014,0.0441
20/03/2014,0.0614
21/03/2014,0.0535
22/03/2014,0.0442
23/03/2014,0.0358
24/03/2014,0.049
25/03/2014,0.0717
26/03/2014,0.0381
27/03/2014,0.0608
28/03/2014,0.0743
29/03/2014,0.0976
30/03/2014,0.0542
31/03/2014,0.0467
01/04/2014,0.0435
02/04/2014,0.0795
03/04/2014,0.0683
04/04/2014,0.0456
05/04/2014,0.048
06/04/2014,0.0712
07/04/2014,0.0562
08/04/2014,0.0446
09/04/2014,0.0399
10/04/2014,0.0362
11/04/2014,0.0359
12/04/2014,0.0319
13/04/2014,0.03
14/04/2014,0.0385
15/04/2014,0.0334
16/04/2014,0.0553
17/04/2014,0.0384
18/04/2014,0.0337
19/04/2014,0.0314
20/04/2014,0.0304
21/04/2014,0.0408
22/04/2014,0.0332
23/04/2014,0.1703
24/04/2014,0.0855
25/04/2014,0.05
26/04/2014,0.2067
27/04/2014,0.08
28/04/2014,0.0534
29/04/2014,0.0471
30/04/2014,0.0412
01/05/2014,0.0465
02/05/2014,0.0478
03/05/2014,0.0407
04/05/2014,0.0407
05/05/2014,0.0407
06/05/2014,0.0429
07/05/2014,0.0372
08/05/2014,0.082
09/05/2014,0.0622
10/05/2014,0.0534
11/05/2014,0.0465
12/05/2014,0.0478
13/05/2014,0.055
14/05/2014,0.0415
15/05/2014,0.0408
16/05/2014,0.0448
17/05/2014,0.0429
18/05/2014,0.0433
19/05/2014,0.0919
20/05/2014,0.0912
21/05/2014,0.0847
22/05/2014,0.0597
23/05/2014,0.0637
24/05/2014,0.1388
25/05/2014,0.1526
26/05/2014,0.138
27/05/2014,0.0729
28/05/2014,0.0625
29/05/2014,0.06
30/05/2014,0.0602
31/05/2014,0.0625
01/06/2014,0.0644
02/06/2014,0.0702
03/06/2014,0.0692
04/06/2014,0.082
05/06/2014,0.092
06/06/2014,0.0939
07/06/2014,0.1316
08/06/2014,0.1256
09/06/2014,0.1132
10/06/2014,0.0985
11/06/2014,0.1185
12/06/2014,0.1193
13/06/2014,0.1089
14/06/2014,0.0941
15/06/2014,0.0858
16/06/2014,0.0748
17/06/2014,0.0799
18/06/2014,0.0813
19/06/2014,0.0731
20/06/2014,0.0722
21/06/2014,0.0713
22/06/2014,0.0704
23/06/2014,0.0694
24/06/2014,0.0685
25/06/2014,0.0676
26/06/2014,0.0667
27/06/2014,0.0658
28/06/2014,0.0648
29/06/2014,0.0639
30/06/2014,0.063
01/07/2014,0.0621
02/07/2014,0.0672
03/07/2014,0.0696
04/07/2014,0.0891
05/07/2014,0.0866
06/07/2014,0.0752
07/07/2014,0.0679
08/07/2014,0.0595
09/07/2014,0.0579
10/07/2014,0.0592
11/07/2014,0.063
12/07/2014,0.0634
13/07/2014,0.0601
14/07/2014,0.0582
15/07/2014,0.0564
16/07/2014,0.0759
17/07/2014,0.0686
18/07/2014,0.1235
19/07/2014,0.1019
20/07/2014,0.0853
21/07/2014,0.0754
22/07/2014,0.0743
23/07/2014,0.0748
24/07/2014,0.0763
25/07/2014,0.0655
26/07/2014,0.0633
27/07/2014,0.0591
28/07/2014,0.0559
29/07/2014,0.0527
30/07/2014,0.0529
31/07/2014,0.053
01/08/2014,0.0689
02/08/2014,0.1591
03/08/2014,0.1249
04/08/2014,0.0941
05/08/2014,0.3088
06/08/2014,0.2761
07/08/2014,0.1635
08/08/2014,0.2519
09/08/2014,0.3057
10/08/2014,0.2044
11/08/2014,0.1302
12/08/2014,0.1455
13/08/2014,0.153
14/08/2014,0.1813
15/08/2014,0.1839
16/08/2014,0.1644
17/08/2014,0.1594
18/08/2014,0.1437
19/08/2014,0.128
20/08/2014,0.1169
21/08/2014,0.1116
22/08/2014,0.1118
23/08/2014,0.0978
24/08/2014,0.0988
25/08/2014,0.2455
26/08/2014,0.1579
27/08/2014,0.0954
28/08/2014,0.0866
29/08/2014,0.0773
30/08/2014,0.0796
31/08/2014,0.0823
01/09/2014,0.0825
02/09/2014,0.082
03/09/2014,0.0774
04/09/2014,0.0783
05/09/2014,0.0774
06/09/2014,0.0765
07/09/2014,0.0698
08/09/2014,0.0645
09/09/2014,0.0623
10/09/2014,0.0602
11/09/2014,0.0602
12/09/2014,0.06
13/09/2014,0.0594
14/09/2014,0.0581
15/09/2014,0.0554
16/09/2014,0.0606
17/09/2014,0.0642
18/09/2014,0.069
19/09/2014,0.0688
20/09/2014,0.1959
21/09/2014,0.118
22/09/2014,0.0925
23/09/2014,0.0846
24/09/2014,0.0842
25/09/2014,0.0805
26/09/2014,0.0821
27/09/2014,0.0834
28/09/2014,0.0811
29/09/2014,0.0811
30/09/2014,0.0899
01/10/2014,0.0893
02/10/2014,0.0814
03/10/2014,0.1164
04/10/2014,0.1836
05/10/2014,0.085
06/10/2014,0.3331
07/10/2014,0.0936
08/10/2014,0.1254
09/10/2014,0.1192
10/10/2014,0.0665
11/10/2014,0.0571
12/10/2014,0.0526
13/10/2014,0.0546
14/10/2014,0.0524
15/10/2014,0.1044
16/10/2014,0.0845
17/10/2014,0.1787
18/10/2014,0.1634
19/10/2014,0.0607
20/10/2014,0.0551
21/10/2014,0.0487
22/10/2014,0.0452
23/10/2014,0.0477
24/10/2014,0.0472
25/10/2014,0.0435
26/10/2014,0.0437
27/10/2014,0.0467
28/10/2014,0.0849
29/10/2014,0.0669
30/10/2014,0.0731
31/10/2014,0.0686
01/11/2014,0.1099
02/11/2014,0.1219
03/11/2014,0.0718
04/11/2014,0.0607
05/11/2014,0.0544
06/11/2014,0.117
07/11/2014,0.2465
08/11/2014,0.1858
09/11/2014,0.1305
10/11/2014,0.1388
11/11/2014,0.1954
12/11/2014,0.1766
13/11/2014,0.1583
14/11/2014,0.1915
15/11/2014,0.1182
16/11/2014,0.0718
17/11/2014,0.0609
18/11/2014,0.0541
19/11/2014,0.0606
20/11/2014,0.0836
21/11/2014,0.0932
22/11/2014,0.1324
23/11/2014,0.0678
24/11/2014,0.0498
25/11/2014,0.0458
26/11/2014,0.0421
27/11/2014,0.0399
28/11/2014,0.0453
29/11/2014,0.0511
30/11/2014,0.0502
01/12/2014,0.0487
02/12/2014,0.0452
03/12/2014,0.0421
04/12/2014,0.0422
05/12/2014,0.0407
06/12/2014,0.0411
07/12/2014,0.0521
08/12/2014,0.0451
09/12/2014,0.0471
10/12/2014,0.051
11/12/2014,0.0661
12/12/2014,0.0809
13/12/2014,0.0522
14/12/2014,0.0511
15/12/2014,0.0493
16/12/2014,0.0595
17/12/2014,0.0899
18/12/2014,0.0647
19/12/2014,0.0597
20/12/2014,0.053
21/12/2014,0.0507
22/12/2014,0.0526
23/12/2014,0.0541
24/12/2014,0.051
25/12/2014,0.0446
26/12/2014,0.0723
27/12/2014,0.0584
28/12/2014,0.0457
29/12/2014,0.0384
30/12/2014,0.038
31/12/2014,0.0432
01/01/2015,0.0799
02/01/2015,0.0685
03/01/2015,0.1026
04/01/2015,0.0581
05/01/2015,0.052
06/01/2015,0.0708
07/01/2015,0.0647
08/01/2015,0.0696
09/01/2015,0.0652
10/01/2015,0.0601
11/01/2015,0.0482
12/01/2015,0.0516
13/01/2015,0.0451
14/01/2015,0.0514
15/01/2015,0.0727
16/01/2015,0.0478
17/01/2015,0.0427
18/01/2015,0.0381
19/01/2015,0.0347
20/01/2015,0.0566
21/01/2015,0.0478
22/01/2015,0.0387
23/01/2015,0.0394
24/01/2015,0.0402
25/01/2015,0.0439
26/01/2015,0.0437
27/01/2015,0.0422
28/01/2015,0.0433
29/01/2015,0.0441
30/01/2015,0.0431
31/01/2015,0.0375
01/02/2015,0.037
02/02/2015,0.0345
03/02/2015,0.0348
04/02/2015,0.0342
05/02/2015,0.0323
06/02/2015,0.0306
07/02/2015,0.0338
08/02/2015,0.0342
09/02/2015,0.0334
10/02/2015,0.0358
11/02/2015,0.038
12/02/2015,0.0399
13/02/2015,0.1028
14/02/2015,0.068
15/02/2015,0.0478
16/02/2015,0.092
17/02/2015,0.0199
18/02/2015,0.0241
19/02/2015,0.0324
20/02/2015,0.0237
21/02/2015,0.0201
22/02/2015,0.0488
23/02/2015,0.0286
24/02/2015,0.0252
25/02/2015,0.0222
26/02/2015,0.0224
27/02/2015,0.0194
28/02/2015,0.0215
01/03/2015,0.0311
02/03/2015,0.0321
03/03/2015,0.0428
04/03/2015,0.0411
05/03/2015,0.041
06/03/2015,0.0485
07/03/2015,0.05
08/03/2015,0.054
09/03/2015,0.0534
10/03/2015,0.0515
11/03/2015,0.1037
12/03/2015,0.1686
13/03/2015,0.111
14/03/2015,0.063
15/03/2015,0.0496
16/03/2015,0.0451
17/03/2015,0.0439
18/03/2015,0.0414
19/03/2015,0.0424
20/03/2015,0.0403
21/03/2015,0.0423
22/03/2015,0.0398
23/03/2015,0.0479
24/03/2015,0.0427
25/03/2015,0.0458
26/03/2015,0.1214
27/03/2015,0.0589
28/03/2015,0.0513
29/03/2015,0.0527
30/03/2015,0.0598
31/03/2015,0.0512
01/04/2015,0.0462
02/04/2015,0.0513
03/04/2015,0.0539
04/04/2015,0.05
05/04/2015,0.0648
06/04/2015,0.0524
07/04/2015,0.0542
08/04/2015,0.0596
09/04/2015,0.0544
10/04/2015,0.048
11/04/2015,0.0442
12/04/2015,0.044
13/04/2015,0.0433
14/04/2015,0.0408
15/04/2015,0.0413
16/04/2015,0.0393
17/04/2015,0.0432
18/04/2015,0.0407
19/04/2015,0.0371
20/04/2015,0.0363
21/04/2015,0.0352
22/04/2015,0.0422
23/04/2015,0.0513
24/04/2015,0.0402
25/04/2015,0.0553
26/04/2015,0.0606
27/04/2015,0.0447
28/04/2015,0.0377
29/04/2015,0.0437
30/04/2015,0.0435
01/05/2015,0.0371
02/05/2015,0.2574
03/05/2015,0.1995
04/05/2015,0.0836
05/05/2015,0.1659
06/05/2015,0.1018
07/05/2015,0.066
08/05/2015,0.1221
09/05/2015,0.0967
10/05/2015,0.0633
11/05/2015,0.0652
12/05/2015,0.0504
13/05/2015,0.0475
14/05/2015,0.0722
15/05/2015,0.052
16/05/2015,0.0475
17/05/2015,0.0447
18/05/2015,0.0635
19/05/2015,0.0498
20/05/2015,0.0588
21/05/2015,0.0498
22/05/2015,0.0463
23/05/2015,0.0465
24/05/2015,0.0464
25/05/2015,0.0442
26/05/2015,0.0438
27/05/2015,0.044
28/05/2015,0.0417
29/05/2015,0.045
30/05/2015,0.0407
31/05/2015,0.0637
01/06/2015,0.0876
02/06/2015,0.1278
03/06/2015,0.0596
04/06/2015,0.0468
05/06/2015,0.0493
06/06/2015,0.048
07/06/2015,0.0409
08/06/2015,0.0401
09/06/2015,0.0394
10/06/2015,0.0402
11/06/2015,0.0424
12/06/2015,0.0409
13/06/2015,0.0433
14/06/2015,0.0459
15/06/2015,0.0436
16/06/2015,0.0445
17/06/2015,0.0471
18/06/2015,0.052
19/06/2015,0.0477
20/06/2015,0.0501
21/06/2015,0.0551
22/06/2015,0.0545
23/06/2015,0.0547
24/06/2015,0.0566
25/06/2015,0.0602
26/06/2015,0.0608
27/06/2015,0.0689
28/06/2015,0.0817
29/06/2015,0.0612
30/06/2015,0.0687
01/07/2015,0.0696
02/07/2015,0.0679
03/07/2015,0.0641
04/07/2015,0.065
05/07/2015,0.0613
06/07/2015,0.1456
07/07/2015,0.1988
08/07/2015,0.1074
09/07/2015,0.0907
10/07/2015,0.0861
11/07/2015,0.0788
12/07/2015,0.0827
13/07/2015,0.0912
14/07/2015,0.0891
15/07/2015,0.0782
16/07/2015,0.1038
17/07/2015,0.1805
18/07/2015,0.1061
19/07/2015,0.1688
20/07/2015,0.1056
21/07/2015,0.1002
22/07/2015,0.0975
23/07/2015,0.0919
24/07/2015,0.1557
25/07/2015,0.1203
26/07/2015,0.1863
27/07/2015,0.1235
28/07/2015,0.1096
29/07/2015,0.0987
30/07/2015,0.0974
31/07/2015,0.0915
01/08/2015,0.0905
02/08/2015,0.091
03/08/2015,0.1334
04/08/2015,0.1012
05/08/2015,0.162
06/08/2015,0.173
07/08/2015,0.126
08/08/2015,0.1032
09/08/2015,0.1391
10/08/2015,0.1051
11/08/2015,0.1004
12/08/2015,0.0925
13/08/2015,0.0889
14/08/2015,0.0833
15/08/2015,0.0792
16/08/2015,0.0752
17/08/2015,0.0734
18/08/2015,0.0731
19/08/2015,0.1443
20/08/2015,0.0959
21/08/2015,0.1039
22/08/2015,0.092
23/08/2015,0.2634
24/08/2015,0.1333
25/08/2015,0.1584
26/08/2015,0.1482
27/08/2015,0.1251
28/08/2015,0.105
29/08/2015,0.0989
30/08/2015,0.0996
31/08/2015,0.0945
01/09/2015,0.0874
02/09/2015,0.0832
03/09/2015,0.0799
04/09/2015,0.0783
05/09/2015,0.0775
06/09/2015,0.0714
07/09/2015,0.0688
08/09/2015,0.0689
09/09/2015,0.0665
10/09/2015,0.0656
11/09/2015,0.0792
12/09/2015,0.2571
13/09/2015,0.2029
14/09/2015,0.1365
15/09/2015,0.099
16/09/2015,0.0849
17/09/2015,0.0818
18/09/2015,0.081
19/09/2015,0.075
20/09/2015,0.0722
21/09/2015,0.0778
22/09/2015,0.1034
23/09/2015,0.0717
24/09/2015,0.0708
25/09/2015,0.0661
26/09/2015,0.0648
27/09/2015,0.0615
28/09/2015,0.058
29/09/2015,0.0564
30/09/2015,0.056
01/10/2015,0.053
02/10/2015,0.053
03/10/2015,0.0534
04/10/2015,0.0545
05/10/2015,0.1471
06/10/2015,0.1863
07/10/2015,0.1815
08/10/2015,0.1095
09/10/2015,0.0911
10/10/2015,0.0849
11/10/2015,0.0836
12/10/2015,0.0778
13/10/2015,0.0692
14/10/2015,0.0652
15/10/2015,0.0576
16/10/2015,0.0558
17/10/2015,0.0565
18/10/2015,0.0581
19/10/2015,0.0606
20/10/2015,0.0583
21/10/2015,0.1383
22/10/2015,0.0684
23/10/2015,0.0672
24/10/2015,0.1415
25/10/2015,0.0816
26/10/2015,0.1361
27/10/2015,0.2454
28/10/2015,0.1528
29/10/2015,0.2953
30/10/2015,0.134
31/10/2015,0.1232
01/11/2015,0.0991
02/11/2015,0.087
03/11/2015,0.0875
04/11/2015,0.0882
05/11/2015,0.1374
06/11/2015,0.135
07/11/2015,0.2191
08/11/2015,0.3848
09/11/2015,0.2191
10/11/2015,0.1281
11/11/2015,0.1047
12/11/2015,0.1008
13/11/2015,0.0955
14/11/2015,0.1717
15/11/2015,0.1401
16/11/2015,0.0964
17/11/2015,0.1028
18/11/2015,0.146
19/11/2015,0.1105
20/11/2015,0.0793
21/11/2015,0.0692
22/11/2015,0.0689
23/11/2015,0.0721
24/11/2015,0.0786
25/11/2015,0.0707
26/11/2015,0.0729
27/11/2015,0.0744
28/11/2015,0.0688
29/11/2015,0.0719
30/11/2015,0.0906
01/12/2015,0.0989
02/12/2015,0.0847
03/12/2015,0.1683
04/12/2015,0.1545
05/12/2015,0.1881
06/12/2015,0.1233
07/12/2015,0.1086
08/12/2015,0.1174
09/12/2015,0.0758
10/12/2015,0.1149
11/12/2015,0.0698
12/12/2015,0.1296
13/12/2015,0.1058
14/12/2015,0.1186
15/12/2015,0.1268
16/12/2015,0.1367
17/12/2015,0.1108
18/12/2015,0.0838
19/12/2015,0.1347
20/12/2015,0.1345
21/12/2015,0.0895
22/12/2015,0.1114
23/12/2015,0.0848
24/12/2015,0.091
25/12/2015,0.0976
26/12/2015,0.1254
27/12/2015,0.0866
28/12/2015,0.099
29/12/2015,0.1262
30/12/2015,0.1244
31/12/2015,0.1019
01/01/2016,0.0718
02/01/2016,0.0906
03/01/2016,0.1091
04/01/2016,0.072
05/01/2016,0.0565
06/01/2016,0.0584
07/01/2016,0.0823
08/01/2016,0.0586
09/01/2016,0.0793
10/01/2016,0.0733
11/01/2016,0.0498
12/01/2016,0.0451
13/01/2016,0.0422
14/01/2016,0.0409
15/01/2016,0.0397
16/01/2016,0.0383
17/01/2016,0.048
18/01/2016,0.0884
19/01/2016,0.0602
20/01/2016,0.0493
21/01/2016,0.0743
22/01/2016,0.102
23/01/2016,0.0672
24/01/2016,0.0648
25/01/2016,0.0633
26/01/2016,0.083
27/01/2016,0.092
28/01/2016,0.0749
29/01/2016,0.0873
30/01/2016,0.0661
31/01/2016,0.0675
01/02/2016,0.0692
02/02/2016,0.0595
03/02/2016,0.0569
04/02/2016,0.0637
05/02/2016,0.0823
06/02/2016,0.1113
07/02/2016,0.0881
08/02/2016,0.1003
09/02/2016,0.0729
10/02/2016,0.0654
11/02/2016,0.0522
12/02/2016,0.0575
13/02/2016,0.0801
14/02/2016,0.0609
15/02/2016,0.0481
16/02/2016,0.0463
17/02/2016,0.0978
18/02/2016,0.0617
19/02/2016,0.049
20/02/2016,0.0478
21/02/2016,0.0529
22/02/2016,0.0513
23/02/2016,0.046
24/02/2016,0.043
25/02/2016,0.0409
26/02/2016,0.0445
27/02/2016,0.0572
28/02/2016,0.0499
29/02/2016,0.0823
01/03/2016,0.0979
02/03/2016,0.0789
03/03/2016,0.0645
04/03/2016,0.0614
05/03/2016,0.0526
06/03/2016,0.0468
07/03/2016,0.0445
08/03/2016,0.0466
09/03/2016,0.062
10/03/2016,0.0495
11/03/2016,0.0461
12/03/2016,0.0502
13/03/2016,0.053
14/03/2016,0.0509
15/03/2016,0.0478
16/03/2016,0.0446
17/03/2016,0.0438
18/03/2016,0.0468
19/03/2016,0.0509
20/03/2016,0.053
21/03/2016,0.0436
22/03/2016,0.0429
23/03/2016,0.0538
24/03/2016,0.0516
25/03/2016,0.0476
26/03/2016,0.2381
27/03/2016,0.1543
28/03/2016,0.0788
29/03/2016,0.0598
30/03/2016,0.0696
31/03/2016,0.0584
01/04/2016,0.1828
02/04/2016,1.0083
03/04/2016,0.5038
04/04/2016,0.2281
05/04/2016,0.174
06/04/2016,0.0869
07/04/2016,0.0684
08/04/2016,0.0619
09/04/2016,0.0661
10/04/2016,0.066
11/04/2016,0.0896
12/04/2016,0.0849
13/04/2016,0.0603
14/04/2016,0.0597
15/04/2016,0.0564
16/04/2016,0.0529
17/04/2016,0.0458
18/04/2016,0.0477
19/04/2016,0.0457
20/04/2016,0.0463
21/04/2016,0.0461
22/04/2016,0.0465
23/04/2016,0.0439
24/04/2016,0.0417
25/04/2016,0.0419
26/04/2016,0.0399
27/04/2016,0.0467
28/04/2016,0.04
29/04/2016,0.0357
30/04/2016,0.0354
01/05/2016,0.0434
02/05/2016,0.0551
03/05/2016,0.0617
04/05/2016,0.0526
05/05/2016,0.0444
06/05/2016,0.0425
07/05/2016,0.0529
08/05/2016,0.0513
09/05/2016,0.0706
10/05/2016,0.2601
11/05/2016,0.0919
12/05/2016,0.077
13/05/2016,0.0727
14/05/2016,0.0641
15/05/2016,0.0571
16/05/2016,0.0536
17/05/2016,0.0516
18/05/2016,0.0497
19/05/2016,0.076
20/05/2016,0.0596
21/05/2016,0.0758
22/05/2016,0.0581
23/05/2016,0.053
24/05/2016,0.0473
25/05/2016,0.0461
26/05/2016,0.0439
27/05/2016,0.0478
28/05/2016,0.0478
29/05/2016,0.0454
30/05/2016,0.0453
31/05/2016,0.0447
01/06/2016,0.0462
02/06/2016,0.0586
03/06/2016,0.0547
04/06/2016,0.0494
05/06/2016,0.0504
06/06/2016,0.0525
07/06/2016,0.0556
08/06/2016,0.0612
09/06/2016,0.0646
10/06/2016,0.0629
11/06/2016,0.0633
12/06/2016,0.1259
13/06/2016,0.159
14/06/2016,0.1933
15/06/2016,0.4573
16/06/2016,0.154
17/06/2016,0.1412
18/06/2016,0.2445
19/06/2016,0.2372
20/06/2016,0.1866
21/06/2016,0.2339
22/06/2016,0.22
23/06/2016,0.2009
24/06/2016,0.1729
25/06/2016,0.1577
26/06/2016,0.1536
27/06/2016,0.1464
28/06/2016,0.1911
29/06/2016,0.1989
30/06/2016,0.168
01/07/2016,0.1856
02/07/2016,0.2489
03/07/2016,0.2015
04/07/2016,0.1526
05/07/2016,0.1663
06/07/2016,0.1647
07/07/2016,0.1643
08/07/2016,0.1662
09/07/2016,0.2135
10/07/2016,0.1873
11/07/2016,0.1677
12/07/2016,0.2241
13/07/2016,0.1704
14/07/2016,0.1906
15/07/2016,0.2758
16/07/2016,0.2539
17/07/2016,0.273
18/07/2016,0.2936
19/07/2016,0.2926
20/07/2016,0.2833
21/07/2016,0.242
22/07/2016,0.3925
23/07/2016,0.2819
24/07/2016,0.2653
25/07/2016,0.2413
26/07/2016,0.2133
27/07/2016,0.2199
28/07/2016,0.2197
29/07/2016,0.2232
30/07/2016,0.2741
31/07/2016,0.1976
01/08/2016,0.2304
02/08/2016,0.3185
03/08/2016,0.236
04/08/2016,0.2106
05/08/2016,0.1952
06/08/2016,0.185
07/08/2016,0.1894
08/08/2016,0.1843
09/08/2016,0.2085
10/08/2016,0.1671
11/08/2016,0.1616
12/08/2016,0.1662
13/08/2016,0.1714
14/08/2016,0.1633
15/08/2016,0.1492
16/08/2016,0.1456
17/08/2016,0.1517
18/08/2016,0.3329
19/08/2016,0.2505
20/08/2016,0.2109
21/08/2016,0.1891
22/08/2016,0.1952
23/08/2016,0.2252
24/08/2016,0.1879
25/08/2016,0.1759
26/08/2016,0.1663
27/08/2016,0.1621
28/08/2016,0.1617
29/08/2016,0.1577
30/08/2016,0.1631
31/08/2016,0.1971
01/09/2016,0.1744
02/09/2016,0.2275
03/09/2016,0.2677
04/09/2016,0.2009
05/09/2016,0.2536
06/09/2016,0.1931
07/09/2016,0.1801
08/09/2016,0.2016
09/09/2016,0.2837
10/09/2016,0.2094
11/09/2016,0.1551
12/09/2016,0.2298
13/09/2016,0.2536
14/09/2016,0.1722
15/09/2016,0.1612
16/09/2016,0.1543
17/09/2016,0.1437
18/09/2016,0.1444
19/09/2016,0.1856
20/09/2016,0.1418
21/09/2016,0.1583
22/09/2016,0.2302
23/09/2016,0.1379
24/09/2016,0.2069
25/09/2016,0.1869
26/09/2016,0.1855
27/09/2016,0.1529
28/09/2016,0.115
29/09/2016,0.1184
30/09/2016,0.1109
01/10/2016,0.2163
02/10/2016,0.1214
03/10/2016,0.1152
04/10/2016,0.1236
05/10/2016,0.1223
06/10/2016,0.1141
07/10/2016,0.1109
08/10/2016,0.1141
09/10/2016,0.1137
10/10/2016,0.1113
11/10/2016,0.1058
12/10/2016,0.1055
13/10/2016,0.106
14/10/2016,0.3417
15/10/2016,0.3312
16/10/2016,0.1877
17/10/2016,0.1125
18/10/2016,0.0925
19/10/2016,0.0821
20/10/2016,0.0794
21/10/2016,0.0766
22/10/2016,0.0791
23/10/2016,0.083
24/10/2016,0.0802
25/10/2016,0.0815
26/10/2016,0.0862
27/10/2016,0.0891
28/10/2016,0.0946
29/10/2016,0.0963
30/10/2016,0.1009
31/10/2016,0.1023
01/11/2016,0.0967
02/11/2016,0.0895
03/11/2016,0.0902
04/11/2016,0.091
05/11/2016,0.0893
06/11/2016,0.0831
07/11/2016,0.0805
08/11/2016,0.1596
09/11/2016,0.2223
10/11/2016,0.1261
11/11/2016,0.1106
12/11/2016,0.1911
13/11/2016,0.1064
14/11/2016,0.0916
15/11/2016,0.0934
16/11/2016,0.0858
17/11/2016,0.0796
18/11/2016,0.0781
19/11/2016,0.071
20/11/2016,0.0711
21/11/2016,0.1582
22/11/2016,0.1568
23/11/2016,0.0833
24/11/2016,0.0755
25/11/2016,0.0695
26/11/2016,0.065
27/11/2016,0.06
28/11/2016,0.0616
29/11/2016,0.0578
30/11/2016,0.0499
01/12/2016,0.0487
02/12/2016,0.0496
03/12/2016,0.0526
04/12/2016,0.0527
05/12/2016,0.0533
06/12/2016,0.0582
07/12/2016,0.0748
08/12/2016,0.2257
09/12/2016,0.1269
10/12/2016,0.0963
11/12/2016,0.0785
12/12/2016,0.0731
13/12/2016,0.1992
14/12/2016,0.2356
15/12/2016,0.1515
16/12/2016,0.1879
17/12/2016,0.0999
18/12/2016,0.0674
19/12/2016,0.0636
20/12/2016,0.06
21/12/2016,0.0789
22/12/2016,0.0622
23/12/2016,0.0775
24/12/2016,0.0813
25/12/2016,0.07
26/12/2016,0.0672
27/12/2016,0.0563
28/12/2016,0.0589
29/12/2016,0.0587
30/12/2016,0.0601
31/12/2016,0.0637
