Date,Qcumecs
01/10/2009,3971.896
02/10/2009,3834.383
03/10/2009,3836.257
04/10/2009,3468.852
05/10/2009,3463.769
06/10/2009,12574.483
07/10/2009,10040.696
08/10/2009,6140.293
09/10/2009,6818.154
10/10/2009,6300.23
11/10/2009,5986.102
12/10/2009,5180.023
13/10/2009,4906.811
14/10/2009,4711.367
15/10/2009,4468.89
16/10/2009,4215.511
17/10/2009,4211.211
18/10/2009,4115.272
19/10/2009,4620.358
20/10/2009,25625.325
21/10/2009,34100.465
22/10/2009,156371.595
23/10/2009,31271.108
24/10/2009,44914.714
25/10/2009,23035.878
26/10/2009,17604.291
27/10/2009,17926.991
28/10/2009,17407.972
29/10/2009,15278.116
30/10/2009,97148.096
31/10/2009,43487.682
01/11/2009,279671.334
02/11/2009,42081.73
03/11/2009,35606.35
04/11/2009,28321.23
05/11/2009,21955.465
06/11/2009,20476.929
07/11/2009,19162.786
08/11/2009,16757.944
09/11/2009,22040.191
10/11/2009,68735.407
11/11/2009,41088.035
12/11/2009,148915.519
13/11/2009,122838.522
14/11/2009,126278.324
15/11/2009,57581.782
16/11/2009,125606.008
17/11/2009,40737.99
18/11/2009,70660.452
19/11/2009,310222.854
20/11/2009,133381.968
21/11/2009,143269.478
22/11/2009,69955.857
23/11/2009,45321.884
24/11/2009,51595.439
25/11/2009,43028.84
26/11/2009,28459.155
27/11/2009,23830.222
28/11/2009,48061.242
29/11/2009,176248.25
30/11/2009,44545.018
01/12/2009,47981.016
02/12/2009,53763.722
03/12/2009,32501.306
04/12/2009,49978.528
05/12/2009,106123.765
06/12/2009,52961.749
07/12/2009,55625.965
08/12/2009,39510.224
09/12/2009,39217.966
10/12/2009,33515.525
11/12/2009,26933.265
12/12/2009,23158.708
13/12/2009,20495.666
14/12/2009,18387.271
15/12/2009,20825.239
16/12/2009,28800.844
17/12/2009,66840.145
18/12/2009,39158.037
19/12/2009,25672.502
20/12/2009,22023.381
21/12/2009,18916.55
22/12/2009,16413.685
23/12/2009,24037.494
24/12/2009,54564.38
25/12/2009,48367.691
26/12/2009,46054.731
27/12/2009,30396.905
28/12/2009,22061.886
29/12/2009,79087.956
30/12/2009,288291.254
31/12/2009,148541.411
01/01/2010,44340.479
02/01/2010,33250.453
03/01/2010,29373.086
04/01/2010,25464.974
05/01/2010,21978.338
06/01/2010,19044.875
07/01/2010,16523.1
08/01/2010,14568.335
09/01/2010,13571.893
10/01/2010,13769.389
11/01/2010,34428.442
12/01/2010,145915.796
13/01/2010,160157.32
14/01/2010,33462.35
15/01/2010,73159.5
16/01/2010,235261.46
17/01/2010,40118.699
18/01/2010,31133.361
19/01/2010,28804.893
20/01/2010,64666.62
21/01/2010,129421.505
22/01/2010,107464.647
23/01/2010,35775.128
24/01/2010,29174.059
25/01/2010,24207.269
26/01/2010,21120.342
27/01/2010,19391.409
28/01/2010,17604.2
29/01/2010,16207.025
30/01/2010,13822.608
31/01/2010,12469.889
01/02/2010,11516.182
02/02/2010,12145.907
03/02/2010,29191.303
04/02/2010,104938.796
05/02/2010,114095.446
06/02/2010,26703.831
07/02/2010,22501.11
08/02/2010,19925.206
09/02/2010,17357.068
10/02/2010,15334.078
11/02/2010,13761.162
12/02/2010,13103.386
13/02/2010,12356.226
14/02/2010,11545.719
15/02/2010,11326.501
16/02/2010,10628.516
17/02/2010,9909.927
18/02/2010,8995.358
19/02/2010,8326.444
20/02/2010,7869.74
21/02/2010,7721.964
22/02/2010,7319.441
23/02/2010,10188.483
24/02/2010,49042.683
25/02/2010,27328.109
26/02/2010,16495.04
27/02/2010,13337.072
28/02/2010,11447.475
01/03/2010,10000.795
02/03/2010,9247.097
03/03/2010,9056.358
04/03/2010,8316.574
05/03/2010,7927.638
06/03/2010,8021.208
07/03/2010,7342.262
08/03/2010,6979.83
09/03/2010,6622.837
10/03/2010,6395.329
11/03/2010,6244.431
12/03/2010,6049.941
13/03/2010,5606.11
14/03/2010,5469.295
15/03/2010,5318.903
16/03/2010,5293.4
17/03/2010,5431.093
18/03/2010,6441.186
19/03/2010,5759.168
20/03/2010,12773.679
21/03/2010,7556.774
22/03/2010,12557.475
23/03/2010,8981.205
24/03/2010,27985.28
25/03/2010,56810.14
26/03/2010,49671.271
27/03/2010,16410.021
28/03/2010,12957.64
29/03/2010,86726.23
30/03/2010,61341.978
31/03/2010,30455.932
01/04/2010,20493.638
02/04/2010,24568.153
03/04/2010,18698.212
04/04/2010,15887.955
05/04/2010,17099.866
06/04/2010,86927.497
07/04/2010,27123.325
08/04/2010,19538.462
09/04/2010,16621.687
10/04/2010,14639.412
11/04/2010,13346.327
12/04/2010,12088.839
13/04/2010,11226.217
14/04/2010,10368.695
15/04/2010,9650.648
16/04/2010,8685.563
17/04/2010,8384.429
18/04/2010,8046.651
19/04/2010,7398.941
20/04/2010,6935.339
21/04/2010,6486.781
22/04/2010,6156.389
23/04/2010,5945.819
24/04/2010,5725.536
25/04/2010,8937.146
26/04/2010,6591.917
27/04/2010,5662.215
28/04/2010,5606.475
29/04/2010,5347.797
30/04/2010,5469.029
01/05/2010,5617.449
02/05/2010,4891.267
03/05/2010,4358.071
04/05/2010,4133.967
05/05/2010,4249.982
06/05/2010,5711.525
07/05/2010,4609.044
08/05/2010,4030.856
09/05/2010,3781.65
10/05/2010,3651.332
11/05/2010,3444.352
12/05/2010,4118.133
13/05/2010,3675.739
14/05/2010,3363.118
15/05/2010,2145.888
16/05/2010,1981.913
17/05/2010,1805.107
18/05/2010,1863.771
19/05/2010,2051.807
20/05/2010,1763.088
21/05/2010,1721.292
22/05/2010,1681.23
23/05/2010,1638.019
24/05/2010,1519.215
25/05/2010,1405.002
26/05/2010,1331.034
27/05/2010,1271.403
28/05/2010,1245.048
29/05/2010,5971.979
30/05/2010,1984.142
31/05/2010,1615.022
01/06/2010,7685.049
02/06/2010,2373.081
03/06/2010,1822.456
04/06/2010,1653.751
05/06/2010,1493.362
06/06/2010,2239.773
07/06/2010,5845.185
08/06/2010,5928.147
09/06/2010,2946.275
10/06/2010,2098.211
11/06/2010,1750.392
12/06/2010,1492.566
13/06/2010,1532.348
14/06/2010,1410.376
15/06/2010,1155.766
16/06/2010,1111.24
17/06/2010,1096.281
18/06/2010,1045.919
19/06/2010,959.175
20/06/2010,868.349
21/06/2010,840.128
22/06/2010,804.902
23/06/2010,825.957
24/06/2010,778.295
25/06/2010,757.293
26/06/2010,705.61
27/06/2010,733.863
28/06/2010,839.011
29/06/2010,900.497
30/06/2010,699.375
01/07/2010,2080.112
02/07/2010,711.176
03/07/2010,460.476
04/07/2010,433.46
05/07/2010,343.258
06/07/2010,344.803
07/07/2010,373.176
08/07/2010,387.365
09/07/2010,779.409
10/07/2010,1610.424
11/07/2010,1087.95
12/07/2010,456.511
13/07/2010,1336.308
14/07/2010,2193.632
15/07/2010,1311.919
16/07/2010,13031.471
17/07/2010,3371.118
18/07/2010,3570.583
19/07/2010,113889.487
20/07/2010,20616.026
21/07/2010,16693.979
22/07/2010,11606.727
23/07/2010,7177.638
24/07/2010,5898.917
25/07/2010,4703.172
26/07/2010,3843.375
27/07/2010,3276.438
28/07/2010,2724.848
29/07/2010,2450.418
30/07/2010,2454
31/07/2010,2174.639
01/08/2010,1887.422
02/08/2010,1724.73
03/08/2010,1674.936
04/08/2010,1764.304
05/08/2010,1697.977
06/08/2010,2276.803
07/08/2010,2090.299
08/08/2010,1881.859
09/08/2010,1954.663
10/08/2010,1769.992
11/08/2010,1657.846
12/08/2010,1587.477
13/08/2010,1463.726
14/08/2010,1428.058
15/08/2010,1379.09
16/08/2010,1344.769
17/08/2010,1412.743
18/08/2010,1234.989
19/08/2010,2000.549
20/08/2010,2370.982
21/08/2010,1351.39
22/08/2010,1177.371
23/08/2010,2148.272
24/08/2010,1225.289
25/08/2010,1207.241
26/08/2010,1139.09
27/08/2010,918.473
28/08/2010,837.451
29/08/2010,769.556
30/08/2010,738.61
31/08/2010,771.677
01/09/2010,810.261
02/09/2010,724.831
03/09/2010,761.436
04/09/2010,890.878
05/09/2010,1080.251
06/09/2010,76413.97
07/09/2010,28972.254
08/09/2010,28937.372
09/09/2010,21923.983
10/09/2010,20156.667
11/09/2010,31658.351
12/09/2010,14273.906
13/09/2010,10755.906
14/09/2010,8964.806
15/09/2010,7333.328
16/09/2010,6216.771
17/09/2010,5324.229
18/09/2010,4903.371
19/09/2010,4789.675
20/09/2010,4296.008
21/09/2010,3847.261
22/09/2010,3956.748
23/09/2010,3692.561
24/09/2010,3224.825
25/09/2010,2882.858
26/09/2010,2748.738
27/09/2010,2664.743
28/09/2010,2809.219
29/09/2010,3089.352
30/09/2010,2507.709
01/10/2010,4846.613
02/10/2010,4674.704
03/10/2010,7631.377
04/10/2010,5581.987
05/10/2010,4873.733
06/10/2010,4525.681
07/10/2010,3751.459
08/10/2010,3589.282
09/10/2010,3262.249
10/10/2010,3032.175
11/10/2010,2649.646
12/10/2010,2431.022
13/10/2010,2361.264
14/10/2010,2240.435
15/10/2010,2108.992
16/10/2010,2021.549
17/10/2010,1914.332
18/10/2010,1874.697
19/10/2010,1858.757
20/10/2010,1719.243
21/10/2010,1640.302
22/10/2010,1996.326
23/10/2010,2230.209
24/10/2010,1683.909
25/10/2010,1515.123
26/10/2010,2593.118
27/10/2010,2390.282
28/10/2010,3171.543
29/10/2010,42602.756
30/10/2010,19271.237
31/10/2010,46048.118
01/11/2010,27035.36
02/11/2010,20090.939
03/11/2010,18308.701
04/11/2010,15160.248
05/11/2010,12087.302
06/11/2010,10555.852
07/11/2010,12178.677
08/11/2010,81243.849
09/11/2010,82408.441
10/11/2010,29063.66
11/11/2010,41309.605
12/11/2010,23087.606
13/11/2010,20101.793
14/11/2010,19357.958
15/11/2010,15340.974
16/11/2010,14877.64
17/11/2010,130023.696
18/11/2010,51703.626
19/11/2010,26832.984
20/11/2010,21794.759
21/11/2010,26005.038
22/11/2010,32202.902
23/11/2010,40990.579
24/11/2010,23812.966
25/11/2010,18313.781
26/11/2010,15975.183
27/11/2010,15389.221
28/11/2010,13786.734
29/11/2010,12070.007
30/11/2010,13601.678
01/12/2010,16789.336
02/12/2010,17517.116
03/12/2010,17902.649
04/12/2010,17905.796
05/12/2010,18671.773
06/12/2010,16259.28
07/12/2010,13670.371
08/12/2010,13498.35
09/12/2010,12651.826
10/12/2010,34472.664
11/12/2010,78198.041
12/12/2010,44816.047
13/12/2010,35935.593
14/12/2010,29607.167
15/12/2010,26096.901
16/12/2010,27382.22
17/12/2010,20385.274
18/12/2010,17523.152
19/12/2010,14438.751
20/12/2010,12364.641
21/12/2010,11253.082
22/12/2010,10269.549
23/12/2010,9479.196
24/12/2010,8788.377
25/12/2010,7798.245
26/12/2010,17067.411
27/12/2010,120378.963
28/12/2010,69130.89
29/12/2010,34825.803
30/12/2010,27418.771
31/12/2010,22401.958
01/01/2011,18842.952
02/01/2011,16410.588
03/01/2011,14790.156
04/01/2011,14074.752
05/01/2011,13593.504
06/01/2011,12038.122
07/01/2011,13706.055
08/01/2011,20001.613
09/01/2011,14736.766
10/01/2011,70728.217
11/01/2011,40602.295
12/01/2011,65041.427
13/01/2011,34970.417
14/01/2011,27230.052
15/01/2011,60687.17
16/01/2011,37499.511
17/01/2011,26213.902
18/01/2011,21167.88
19/01/2011,18510.433
20/01/2011,16425.543
21/01/2011,14772.842
22/01/2011,13811.763
23/01/2011,13112.106
24/01/2011,12506.481
25/01/2011,12322.382
26/01/2011,11611.939
27/01/2011,10239.699
28/01/2011,9425.638
29/01/2011,8831.533
30/01/2011,8300.382
31/01/2011,7838.812
01/02/2011,7773.136
02/02/2011,7445.139
03/02/2011,7035.175
04/02/2011,7433.969
05/02/2011,11322.271
06/02/2011,18354.893
07/02/2011,15916.21
08/02/2011,18042.994
09/02/2011,114658.087
10/02/2011,60331.754
11/02/2011,32013.578
12/02/2011,25682.306
13/02/2011,64900.664
14/02/2011,28743.534
15/02/2011,35909.884
16/02/2011,35595.256
17/02/2011,31211.008
18/02/2011,31961.813
19/02/2011,47406.476
20/02/2011,27127.351
21/02/2011,31084.47
22/02/2011,26557.173
23/02/2011,23479.372
24/02/2011,19151.937
25/02/2011,17913.359
26/02/2011,18087.646
27/02/2011,16354.223
28/02/2011,14078.383
01/03/2011,12653.432
02/03/2011,11753.874
03/03/2011,10814.166
04/03/2011,10133.383
05/03/2011,9523.251
06/03/2011,8889.33
07/03/2011,8381.074
08/03/2011,8071.316
09/03/2011,7520.269
10/03/2011,7056.397
11/03/2011,6792.002
12/03/2011,7261.706
13/03/2011,6373.157
14/03/2011,5713.245
15/03/2011,6051.537
16/03/2011,5502.263
17/03/2011,5209.743
18/03/2011,4759.93
19/03/2011,4583.697
20/03/2011,5036.913
21/03/2011,4478.223
22/03/2011,4217.915
23/03/2011,4052.06
24/03/2011,3991.45
25/03/2011,3988.71
26/03/2011,3834.905
27/03/2011,3606.643
28/03/2011,3396.703
29/03/2011,3525.608
30/03/2011,3466.375
31/03/2011,3635.586
01/04/2011,3638.069
02/04/2011,3283.562
03/04/2011,2889.525
04/04/2011,2839.941
05/04/2011,3274.545
06/04/2011,2744.925
07/04/2011,2535.858
08/04/2011,2485.265
09/04/2011,2449.939
10/04/2011,2372.258
11/04/2011,2284.108
12/04/2011,2119.447
13/04/2011,2981.254
14/04/2011,2623.701
15/04/2011,2393.568
16/04/2011,2244.309
17/04/2011,2159.929
18/04/2011,2130.021
19/04/2011,2044.876
20/04/2011,1936.688
21/04/2011,1869.188
22/04/2011,1891.774
23/04/2011,1762.867
24/04/2011,1646.775
25/04/2011,1596.822
26/04/2011,1545.578
27/04/2011,1483.903
28/04/2011,1435.019
29/04/2011,1330.053
30/04/2011,1294.095
01/05/2011,1302.03
02/05/2011,1157.589
03/05/2011,1081.047
04/05/2011,1246.266
05/05/2011,1831.421
06/05/2011,3189.511
07/05/2011,1977.459
08/05/2011,1916.64
09/05/2011,1432.077
10/05/2011,1258.825
11/05/2011,1105.298
12/05/2011,1017.539
13/05/2011,992.415
14/05/2011,1013.221
15/05/2011,973.233
16/05/2011,906.165
17/05/2011,879.484
18/05/2011,864.723
19/05/2011,806.595
20/05/2011,896.102
21/05/2011,947.456
22/05/2011,957.056
23/05/2011,989.502
24/05/2011,637.329
25/05/2011,707.131
26/05/2011,784.255
27/05/2011,610.088
28/05/2011,608.015
29/05/2011,607.785
30/05/2011,590.684
31/05/2011,552.862
01/06/2011,523.596
02/06/2011,533.856
03/06/2011,481.609
04/06/2011,396.461
05/06/2011,473.587
06/06/2011,471.221
07/06/2011,588.208
08/06/2011,496.793
09/06/2011,481.975
10/06/2011,715.183
11/06/2011,481.594
12/06/2011,3432.567
13/06/2011,1086.649
14/06/2011,554.291
15/06/2011,530.927
16/06/2011,440.277
17/06/2011,5639.168
18/06/2011,1876.238
19/06/2011,876.669
20/06/2011,929.266
21/06/2011,1879.637
22/06/2011,845.369
23/06/2011,647.744
24/06/2011,4748.964
25/06/2011,5041.873
26/06/2011,1851.726
27/06/2011,1186.795
28/06/2011,763.347
29/06/2011,782.278
30/06/2011,762.378
01/07/2011,648.751
02/07/2011,619.442
03/07/2011,640.484
04/07/2011,584.652
05/07/2011,1745.177
06/07/2011,1553.995
07/07/2011,1640.281
08/07/2011,13551.145
09/07/2011,8471.449
10/07/2011,2962.867
11/07/2011,1875.223
12/07/2011,1392.708
13/07/2011,1069.098
14/07/2011,866.912
15/07/2011,826.945
16/07/2011,876.284
17/07/2011,829.4
18/07/2011,657.255
19/07/2011,574.489
20/07/2011,442.496
21/07/2011,426.681
22/07/2011,380.746
23/07/2011,305.922
24/07/2011,318.563
25/07/2011,365.502
26/07/2011,493.555
27/07/2011,282.503
28/07/2011,698.241
29/07/2011,379.242
30/07/2011,335.094
31/07/2011,395.905
01/08/2011,589.131
02/08/2011,303.413
03/08/2011,252.662
04/08/2011,330.667
05/08/2011,193.667
06/08/2011,1232.201
07/08/2011,1458.146
08/08/2011,864.953
09/08/2011,327.771
10/08/2011,288.401
11/08/2011,1131.619
12/08/2011,434.814
13/08/2011,390.452
14/08/2011,248.279
15/08/2011,198.317
16/08/2011,341.6
17/08/2011,196.531
18/08/2011,236.953
19/08/2011,270.286
20/08/2011,415.762
21/08/2011,440.8
22/08/2011,224.329
23/08/2011,191.009
24/08/2011,353.789
25/08/2011,193.987
26/08/2011,219.634
27/08/2011,166.245
28/08/2011,165.474
29/08/2011,164.54
30/08/2011,187.039
31/08/2011,183.751
01/09/2011,164.35
02/09/2011,121.373
03/09/2011,223.071
04/09/2011,391.905
05/09/2011,317.294
06/09/2011,419.754
07/09/2011,197.433
08/09/2011,189.425
09/09/2011,311.642
10/09/2011,2171.689
11/09/2011,697.476
12/09/2011,1026.177
13/09/2011,374.168
14/09/2011,266.049
15/09/2011,259.835
16/09/2011,619.811
17/09/2011,440.441
18/09/2011,428.893
19/09/2011,287.132
20/09/2011,251.942
21/09/2011,209.732
22/09/2011,191.864
23/09/2011,167.273
24/09/2011,176.648
25/09/2011,211.456
26/09/2011,207.05
27/09/2011,165.09
28/09/2011,193.082
29/09/2011,174.138
30/09/2011,209.878
01/10/2011,2906.566
02/10/2011,2741.911
03/10/2011,1728.733
04/10/2011,954.01
05/10/2011,727.205
06/10/2011,580.545
07/10/2011,371.25
08/10/2011,340.881
09/10/2011,358.371
10/10/2011,329.598
11/10/2011,265.595
12/10/2011,284.892
13/10/2011,254.212
14/10/2011,283.109
15/10/2011,314.035
16/10/2011,311.939
17/10/2011,285.549
18/10/2011,345.011
19/10/2011,217.021
20/10/2011,210.953
21/10/2011,232.194
22/10/2011,450.961
23/10/2011,6762.363
24/10/2011,63671.793
25/10/2011,37330.658
26/10/2011,17929.004
27/10/2011,10579.593
28/10/2011,6942.689
29/10/2011,7737.117
30/10/2011,8165.975
31/10/2011,11175.583
01/11/2011,11089.331
02/11/2011,9549.012
03/11/2011,17190.813
04/11/2011,19889.488
05/11/2011,11052.043
06/11/2011,8264.539
07/11/2011,6989.232
08/11/2011,6625.392
09/11/2011,26653.142
10/11/2011,16426.634
11/11/2011,55660.232
12/11/2011,25531.608
13/11/2011,15292.616
14/11/2011,12003.295
15/11/2011,10228.517
16/11/2011,38395.115
17/11/2011,63915.692
18/11/2011,70166.347
19/11/2011,27165.173
20/11/2011,18474.673
21/11/2011,15151.67
22/11/2011,12446.726
23/11/2011,10887.891
24/11/2011,10143.736
25/11/2011,11031.003
26/11/2011,9877.097
27/11/2011,10065.059
28/11/2011,9230.01
29/11/2011,47182.213
30/11/2011,23780.649
01/12/2011,35168.95
02/12/2011,18516.546
03/12/2011,17059.395
04/12/2011,13926.979
05/12/2011,11927.057
06/12/2011,10768.991
07/12/2011,9737.405
08/12/2011,9654.391
09/12/2011,8776.98
10/12/2011,7927.666
11/12/2011,9452.888
12/12/2011,19859.165
13/12/2011,33713.389
14/12/2011,15311.446
15/12/2011,12807.911
16/12/2011,11174.324
17/12/2011,9242.407
18/12/2011,8470.355
19/12/2011,19784.94
20/12/2011,19263.237
21/12/2011,25269.225
22/12/2011,15767.028
23/12/2011,24209.805
24/12/2011,16902.413
25/12/2011,13473.578
26/12/2011,11579.689
27/12/2011,10595.724
28/12/2011,13875.711
29/12/2011,11588.681
30/12/2011,12095.179
31/12/2011,13015.937
01/01/2012,15551.1
02/01/2012,13060.222
03/01/2012,58052.373
04/01/2012,21487.473
05/01/2012,16307.433
06/01/2012,13504.399
07/01/2012,12181.938
08/01/2012,10898.072
09/01/2012,10040.966
10/01/2012,9236.477
11/01/2012,8710.277
12/01/2012,8323.879
13/01/2012,7530.292
14/01/2012,7328.299
15/01/2012,6943.932
16/01/2012,6340.208
17/01/2012,5999.367
18/01/2012,5812.959
19/01/2012,5797.109
20/01/2012,5306.763
21/01/2012,5241.695
22/01/2012,4804.46
23/01/2012,4488.613
24/01/2012,5296.334
25/01/2012,5908.467
26/01/2012,9181.539
27/01/2012,7443.808
28/01/2012,6434.78
29/01/2012,23366.462
30/01/2012,43767.771
31/01/2012,35279.189
01/02/2012,17897.139
02/02/2012,13141.032
03/02/2012,11175.87
04/02/2012,11464.826
05/02/2012,11944.895
06/02/2012,11071.658
07/02/2012,9919.56
08/02/2012,9016.266
09/02/2012,8448.814
10/02/2012,10648.733
11/02/2012,18920.9
12/02/2012,15859.927
13/02/2012,12544.311
14/02/2012,10491.625
15/02/2012,9172.496
16/02/2012,8346.805
17/02/2012,7893.367
18/02/2012,7684.467
19/02/2012,6404.428
20/02/2012,6006.248
21/02/2012,5921.056
22/02/2012,6416.123
23/02/2012,5933.784
24/02/2012,5418.705
25/02/2012,5036.67
26/02/2012,4912.028
27/02/2012,4847.347
28/02/2012,4474.787
29/02/2012,4170.294
01/03/2012,4140.767
02/03/2012,4268.988
03/03/2012,5442.493
04/03/2012,4642.801
05/03/2012,4040.55
06/03/2012,3989.094
07/03/2012,4547.159
08/03/2012,3615.818
09/03/2012,3508.155
10/03/2012,3309.296
11/03/2012,3247.552
12/03/2012,3207.395
13/03/2012,3123.67
14/03/2012,3046.757
15/03/2012,3028.78
16/03/2012,3460.708
17/03/2012,7094.188
18/03/2012,9490.235
19/03/2012,5849.447
20/03/2012,4880.175
21/03/2012,4382.845
22/03/2012,4109.463
23/03/2012,4136.28
24/03/2012,3549.691
25/03/2012,3204.256
26/03/2012,2924.29
27/03/2012,2718.627
28/03/2012,2583.962
29/03/2012,2468.369
30/03/2012,2408.005
31/03/2012,2461.264
01/04/2012,2289.652
02/04/2012,2358.467
03/04/2012,2360.681
04/04/2012,2565.214
05/04/2012,2038.124
06/04/2012,1906.061
07/04/2012,1938.974
08/04/2012,1839.875
09/04/2012,2780.109
10/04/2012,2399.245
11/04/2012,1931.954
12/04/2012,1859.246
13/04/2012,2332.415
14/04/2012,2502.491
15/04/2012,1682.829
16/04/2012,1644.398
17/04/2012,8349.221
18/04/2012,23061.293
19/04/2012,9766.569
20/04/2012,6610.99
21/04/2012,5398.244
22/04/2012,4533.89
23/04/2012,4395.599
24/04/2012,3576.173
25/04/2012,25185.187
26/04/2012,17893.693
27/04/2012,10500.079
28/04/2012,7699.952
29/04/2012,10529.662
30/04/2012,19353.287
01/05/2012,140171.109
02/05/2012,51505.471
03/05/2012,22919.644
04/05/2012,16336.826
05/05/2012,13009.345
06/05/2012,10923.537
07/05/2012,21602.44
08/05/2012,14138.61
09/05/2012,12533.338
10/05/2012,32984.239
11/05/2012,15377.639
12/05/2012,11478.772
13/05/2012,10198.363
14/05/2012,9243.2
15/05/2012,7839.008
16/05/2012,6947.736
17/05/2012,6857.187
18/05/2012,6891.349
19/05/2012,6866.496
20/05/2012,5788.102
21/05/2012,5262.17
22/05/2012,4695.385
23/05/2012,4427.886
24/05/2012,4023.16
25/05/2012,3803.45
26/05/2012,3588.884
27/05/2012,3331.193
28/05/2012,3112.712
29/05/2012,2924.209
30/05/2012,2792.212
31/05/2012,3152.928
01/06/2012,2705.674
02/06/2012,2851.974
03/06/2012,19896.888
04/06/2012,8764.675
05/06/2012,7178.943
06/06/2012,8001.723
07/06/2012,72656.228
08/06/2012,75028.392
09/06/2012,24918.817
10/06/2012,13894.133
11/06/2012,10547.534
12/06/2012,9398.712
13/06/2012,12922.946
14/06/2012,32302.546
15/06/2012,188004.354
16/06/2012,136317.706
17/06/2012,38518.802
18/06/2012,26474.755
19/06/2012,20943.985
20/06/2012,17134.533
21/06/2012,166209.353
22/06/2012,43144.382
23/06/2012,26090.685
24/06/2012,21568.894
25/06/2012,17052.636
26/06/2012,16572.244
27/06/2012,14244.995
28/06/2012,92266.283
29/06/2012,35389.886
30/06/2012,18582.369
01/07/2012,14300.529
02/07/2012,13629.214
03/07/2012,12391.75
04/07/2012,12018.643
05/07/2012,10246.982
06/07/2012,60374.038
07/07/2012,49357.697
08/07/2012,17504.832
09/07/2012,14253.779
10/07/2012,12339.704
11/07/2012,10966.935
12/07/2012,11349.572
13/07/2012,20645.225
14/07/2012,15167.807
15/07/2012,11143.409
16/07/2012,10506.127
17/07/2012,9146.739
18/07/2012,9171.64
19/07/2012,7822.961
20/07/2012,6854.851
21/07/2012,6021.634
22/07/2012,5827.807
23/07/2012,5768.482
24/07/2012,5680.621
25/07/2012,4927.497
26/07/2012,4302.172
27/07/2012,4006.772
28/07/2012,4104.813
29/07/2012,3795.82
30/07/2012,3389.316
31/07/2012,4786.766
01/08/2012,12333.261
02/08/2012,6835.365
03/08/2012,86163.2
04/08/2012,39953.615
05/08/2012,104251.956
06/08/2012,61548.055
07/08/2012,20818.38
08/08/2012,16049.592
09/08/2012,13161.929
10/08/2012,11193.346
11/08/2012,10084.614
12/08/2012,9788.082
13/08/2012,11829.793
14/08/2012,9822.279
15/08/2012,79495.564
16/08/2012,97416.741
17/08/2012,221444.105
18/08/2012,36093.163
19/08/2012,24479.135
20/08/2012,19399.293
21/08/2012,16113.185
22/08/2012,13728.674
23/08/2012,12162.111
24/08/2012,61722.638
25/08/2012,52125.949
26/08/2012,19608.536
27/08/2012,153086.929
28/08/2012,34043.575
29/08/2012,42589.207
30/08/2012,23975.334
31/08/2012,18232.247
01/09/2012,15692.867
02/09/2012,13486.995
03/09/2012,12227.181
04/09/2012,11389.819
05/09/2012,10101.235
06/09/2012,9131.067
07/09/2012,8449.481
08/09/2012,7915.322
09/09/2012,8054.17
10/09/2012,7772.702
11/09/2012,6495.544
12/09/2012,5884.348
13/09/2012,5313.282
14/09/2012,5008.055
15/09/2012,4680.559
16/09/2012,5017.745
17/09/2012,4338.277
18/09/2012,3914.861
19/09/2012,3592.564
20/09/2012,3583.322
21/09/2012,3789.815
22/09/2012,3173.27
23/09/2012,3188.703
24/09/2012,3468.741
25/09/2012,4868.398
26/09/2012,4631.245
27/09/2012,3626.569
28/09/2012,3223.766
29/09/2012,2785.404
30/09/2012,3139.997
01/10/2012,3148.678
02/10/2012,3084.606
03/10/2012,2785.935
04/10/2012,2563.261
05/10/2012,2607.82
06/10/2012,2421.708
07/10/2012,2215.329
08/10/2012,3381.733
09/10/2012,2851.855
10/10/2012,4081.537
11/10/2012,21042.865
12/10/2012,10155.517
13/10/2012,6483.243
14/10/2012,5230.601
15/10/2012,6015.855
16/10/2012,9594.429
17/10/2012,125084.013
18/10/2012,39290.431
19/10/2012,17649.623
20/10/2012,12769.346
21/10/2012,10439.702
22/10/2012,9047.538
23/10/2012,8138.449
24/10/2012,7954.813
25/10/2012,7462.803
26/10/2012,6951.732
27/10/2012,5921.48
28/10/2012,6023.216
29/10/2012,5863.818
30/10/2012,5367.317
31/10/2012,33447.917
01/11/2012,13249.045
02/11/2012,8928.072
03/11/2012,7299.463
04/11/2012,65857.187
05/11/2012,66907.038
06/11/2012,16242.843
07/11/2012,12535.983
08/11/2012,10581.626
09/11/2012,20015.083
10/11/2012,14866.75
11/11/2012,10805.501
12/11/2012,15969.392
13/11/2012,15086.683
14/11/2012,14772.934
15/11/2012,12143.68
16/11/2012,10604.133
17/11/2012,9333.032
18/11/2012,11906.392
19/11/2012,100899.142
20/11/2012,40790.745
21/11/2012,19841.862
22/11/2012,108827.61
23/11/2012,34006.389
24/11/2012,54017.425
25/11/2012,152961.435
26/11/2012,93405.492
27/11/2012,28505.765
28/11/2012,21981.739
29/11/2012,18598.25
30/11/2012,16065.267
01/12/2012,13886.756
02/12/2012,17222.516
03/12/2012,21140.208
04/12/2012,15425.01
05/12/2012,13763.423
06/12/2012,13228.897
07/12/2012,14204.327
08/12/2012,13040.228
09/12/2012,12225.054
10/12/2012,10828.486
11/12/2012,9841.896
12/12/2012,9967.62
13/12/2012,9791.768
14/12/2012,68349.155
15/12/2012,21964.521
16/12/2012,15416.83
17/12/2012,12945.558
18/12/2012,11278.829
19/12/2012,63134.361
20/12/2012,24401.279
21/12/2012,18175.538
22/12/2012,67885.465
23/12/2012,25599.511
24/12/2012,36130.362
25/12/2012,45459.073
26/12/2012,45287.539
27/12/2012,90204.708
28/12/2012,56817.261
29/12/2012,43055.32
30/12/2012,25694.769
31/12/2012,26658.864
01/01/2013,20831.472
02/01/2013,17739.14
03/01/2013,15852.161
04/01/2013,14859.97
05/01/2013,14467.442
06/01/2013,13414.268
07/01/2013,12765.298
08/01/2013,13608.156
09/01/2013,12290.747
10/01/2013,12567.057
11/01/2013,12142.695
12/01/2013,12591.466
13/01/2013,10781.588
14/01/2013,10659.862
15/01/2013,10044.833
16/01/2013,17096.104
17/01/2013,29427.465
18/01/2013,256382.955
19/01/2013,81097.555
20/01/2013,32170.945
21/01/2013,24582.632
22/01/2013,19842.406
23/01/2013,17284.841
24/01/2013,15282.796
25/01/2013,163204.408
26/01/2013,98742.19
27/01/2013,46176.205
28/01/2013,51036.691
29/01/2013,41870.708
30/01/2013,29092.986
31/01/2013,27727.928
01/02/2013,22116.099
02/02/2013,18467.366
03/02/2013,22313.956
04/02/2013,18761.412
05/02/2013,17675.17
06/02/2013,14905.486
07/02/2013,17478.486
08/02/2013,16555.098
09/02/2013,15046.556
10/02/2013,72379.968
11/02/2013,49494.41
12/02/2013,23836.913
13/02/2013,50772.699
14/02/2013,44606.269
15/02/2013,22705.451
16/02/2013,19938.042
17/02/2013,17784.877
18/02/2013,15527.097
19/02/2013,13777.428
20/02/2013,12380.222
21/02/2013,11304.787
22/02/2013,10327.37
23/02/2013,9605.376
24/02/2013,9165.895
25/02/2013,8569.227
26/02/2013,8056.235
27/02/2013,7582.293
28/02/2013,7322.295
01/03/2013,6890.936
02/03/2013,6533.228
03/03/2013,6216.19
04/03/2013,6180.734
05/03/2013,6177.178
06/03/2013,6824.464
07/03/2013,32285.004
08/03/2013,35330.538
09/03/2013,17403.547
10/03/2013,38829.051
11/03/2013,15847.738
12/03/2013,13531.055
13/03/2013,12454.69
14/03/2013,11374.069
15/03/2013,12262.765
16/03/2013,11991.223
17/03/2013,11106.063
18/03/2013,10940.95
19/03/2013,12808.366
20/03/2013,11710.302
21/03/2013,87055.279
22/03/2013,354026.413
23/03/2013,62349.239
24/03/2013,34856.876
25/03/2013,26964.27
26/03/2013,22037.41
27/03/2013,18594.979
28/03/2013,16525.252
29/03/2013,14981.146
30/03/2013,13278.495
31/03/2013,12223.477
01/04/2013,11122.67
02/04/2013,10197.381
03/04/2013,9581.384
04/04/2013,8911.604
05/04/2013,8522.148
06/04/2013,7973.155
07/04/2013,7651.217
08/04/2013,7507.307
09/04/2013,7029.153
10/04/2013,6666.418
11/04/2013,12372.514
12/04/2013,8549.099
13/04/2013,8672.283
14/04/2013,27107.986
15/04/2013,11942.126
16/04/2013,14581.22
17/04/2013,36683.601
18/04/2013,15667.065
19/04/2013,10944.335
20/04/2013,9756.379
21/04/2013,9554.601
22/04/2013,8654.216
23/04/2013,7597.076
24/04/2013,7176.871
25/04/2013,6961.636
26/04/2013,6608.71
27/04/2013,6241.672
28/04/2013,6081.618
29/04/2013,5570.008
30/04/2013,5152.226
01/05/2013,5062.861
02/05/2013,4902.609
03/05/2013,4834.342
04/05/2013,5124.132
05/05/2013,4368.275
06/05/2013,4242.738
07/05/2013,4096.511
08/05/2013,10006.723
09/05/2013,6632.479
10/05/2013,4890.847
11/05/2013,4535.268
12/05/2013,4395.229
13/05/2013,4238.148
14/05/2013,4206.364
15/05/2013,4066.637
16/05/2013,3553.413
17/05/2013,3296.767
18/05/2013,3141.291
19/05/2013,3036.528
20/05/2013,2878.285
21/05/2013,2656.986
22/05/2013,2547.078
23/05/2013,2440.108
24/05/2013,2372.121
25/05/2013,2229.374
26/05/2013,2238.724
27/05/2013,5483.307
28/05/2013,3132.089
29/05/2013,2649.524
30/05/2013,2189.333
31/05/2013,2129.565
01/06/2013,2071.103
02/06/2013,2029.988
03/06/2013,1956.221
04/06/2013,1872.458
05/06/2013,1852.88
06/06/2013,1727.592
07/06/2013,1521.125
08/06/2013,1443.175
09/06/2013,1417.572
10/06/2013,1419.118
11/06/2013,2501.666
12/06/2013,2286.213
13/06/2013,1884.556
14/06/2013,3154.155
15/06/2013,2733.67
16/06/2013,1954.893
17/06/2013,5153.055
18/06/2013,2053.401
19/06/2013,1636.406
20/06/2013,1545.706
21/06/2013,1459.459
22/06/2013,1546.721
23/06/2013,1394.113
24/06/2013,1283.265
25/06/2013,1294.418
26/06/2013,1259.99
27/06/2013,1279.704
28/06/2013,1224.648
29/06/2013,1196.923
30/06/2013,1089.39
01/07/2013,926.284
02/07/2013,1155.088
03/07/2013,992.395
04/07/2013,796.907
05/07/2013,751.808
06/07/2013,729.611
07/07/2013,731.656
08/07/2013,676.245
09/07/2013,621.045
10/07/2013,519.483
11/07/2013,515.186
12/07/2013,470.236
13/07/2013,436.831
14/07/2013,455.386
15/07/2013,416.509
16/07/2013,351.28
17/07/2013,338.112
18/07/2013,291.71
19/07/2013,270.167
20/07/2013,258.649
21/07/2013,230.569
22/07/2013,307.557
23/07/2013,373.096
24/07/2013,298.775
25/07/2013,959.678
26/07/2013,450.357
27/07/2013,359.649
28/07/2013,380.582
29/07/2013,818.478
30/07/2013,529.498
31/07/2013,3749.94
01/08/2013,1422.825
02/08/2013,666.85
03/08/2013,461.797
04/08/2013,682.572
05/08/2013,17682.223
06/08/2013,2162.537
07/08/2013,1192.228
08/08/2013,883.162
09/08/2013,759.768
10/08/2013,642.592
11/08/2013,573.084
12/08/2013,501.396
13/08/2013,488.275
14/08/2013,537.459
15/08/2013,734.445
16/08/2013,770.751
17/08/2013,550.448
18/08/2013,480.901
19/08/2013,385.244
20/08/2013,357.695
21/08/2013,351.733
22/08/2013,357.734
23/08/2013,483.697
24/08/2013,423.139
25/08/2013,398.439
26/08/2013,359.586
27/08/2013,313.912
28/08/2013,321.791
29/08/2013,277.244
30/08/2013,243.542
31/08/2013,192.936
01/09/2013,209.263
02/09/2013,202.079
03/09/2013,221.9
04/09/2013,207.757
05/09/2013,202.498
06/09/2013,191.656
07/09/2013,203.274
08/09/2013,236.492
09/09/2013,185.471
10/09/2013,142.184
11/09/2013,178.731
12/09/2013,222.353
13/09/2013,249.616
14/09/2013,236.438
15/09/2013,136.037
16/09/2013,106.215
17/09/2013,457.867
18/09/2013,292.981
19/09/2013,181.311
20/09/2013,138.261
21/09/2013,140.452
22/09/2013,152.035
23/09/2013,257.972
24/09/2013,339.331
25/09/2013,634.493
26/09/2013,580.198
27/09/2013,403.535
28/09/2013,268.161
29/09/2013,359.201
30/09/2013,208.757
01/10/2013,3218.653
02/10/2013,4447.181
03/10/2013,12659.403
04/10/2013,13462.969
05/10/2013,4198.535
06/10/2013,2400.186
07/10/2013,1765.766
08/10/2013,1420.857
09/10/2013,1151.31
10/10/2013,958.541
11/10/2013,840.632
12/10/2013,878.07
13/10/2013,960.941
14/10/2013,905.188
15/10/2013,785.827
16/10/2013,27138.215
17/10/2013,10017.789
18/10/2013,69973.411
19/10/2013,88282.782
20/10/2013,53919.915
21/10/2013,86067.258
22/10/2013,69405.956
23/10/2013,36005.048
24/10/2013,24001.552
25/10/2013,83203.105
26/10/2013,51861.768
27/10/2013,52180.832
28/10/2013,33644.502
29/10/2013,22479.552
30/10/2013,19569.363
31/10/2013,18686.803
01/11/2013,17638.137
02/11/2013,21198.265
03/11/2013,18338.834
04/11/2013,14827.669
05/11/2013,13035.646
06/11/2013,13737.552
07/11/2013,14874.198
08/11/2013,12289.881
09/11/2013,10409.978
10/11/2013,10044.511
11/11/2013,31091.32
12/11/2013,17178.474
13/11/2013,13327.525
14/11/2013,11681.652
15/11/2013,10341.066
16/11/2013,9440.814
17/11/2013,8993.974
18/11/2013,9634.78
19/11/2013,8600.955
20/11/2013,8356.444
21/11/2013,7351.9
22/11/2013,6701.105
23/11/2013,6182.524
24/11/2013,5893.974
25/11/2013,5293.347
26/11/2013,5050.081
27/11/2013,5208.935
28/11/2013,4984.752
29/11/2013,4894.508
30/11/2013,4626.237
01/12/2013,4430.384
02/12/2013,4645.472
03/12/2013,5070.202
04/12/2013,4887.692
05/12/2013,4720.285
06/12/2013,4625.33
07/12/2013,4570.609
08/12/2013,4486.337
09/12/2013,4353.274
10/12/2013,4283.711
11/12/2013,4206.139
12/12/2013,5919.236
13/12/2013,11259.054
14/12/2013,22452.896
15/12/2013,22093.628
16/12/2013,18679.195
17/12/2013,14117.003
18/12/2013,45229.343
19/12/2013,37927.351
20/12/2013,23308.954
21/12/2013,48712.26
22/12/2013,37682.745
23/12/2013,112829.66
24/12/2013,61168.979
25/12/2013,30207.559
26/12/2013,32900.899
27/12/2013,63996.886
28/12/2013,27961.724
29/12/2013,22617.644
30/12/2013,151414.879
31/12/2013,95244.23
01/01/2014,172459.41
02/01/2014,68070.509
03/01/2014,68458.936
04/01/2014,47998.784
05/01/2014,57785.387
06/01/2014,64753.595
07/01/2014,48125.957
08/01/2014,42675.933
09/01/2014,56507.961
10/01/2014,36213.878
11/01/2014,30553.254
12/01/2014,37152.319
13/01/2014,45837.121
14/01/2014,42131.927
15/01/2014,45925.979
16/01/2014,37253.305
17/01/2014,32210.95
18/01/2014,44156.922
19/01/2014,34007.233
20/01/2014,25805.349
21/01/2014,33705.635
22/01/2014,29087.817
23/01/2014,22907.668
24/01/2014,60426.819
25/01/2014,38657.432
26/01/2014,77147.415
27/01/2014,48078.211
28/01/2014,44770.426
29/01/2014,33520.449
30/01/2014,34122.094
31/01/2014,106834.173
01/02/2014,75304.09
02/02/2014,49954.007
03/02/2014,67006.469
04/02/2014,60834.16
05/02/2014,126272.788
06/02/2014,50495.202
07/02/2014,55364.283
08/02/2014,94728.185
09/02/2014,42415.671
10/02/2014,36143.179
11/02/2014,54398.393
12/02/2014,121352.913
13/02/2014,45752.538
14/02/2014,99464.935
15/02/2014,69582.232
16/02/2014,38652.178
17/02/2014,85881.052
18/02/2014,48857.617
19/02/2014,34468.088
20/02/2014,37513.72
21/02/2014,27378.654
22/02/2014,22227.981
23/02/2014,31158.73
24/02/2014,133748.679
25/02/2014,80085.232
26/02/2014,39253.949
27/02/2014,54599.898
28/02/2014,181246.795
01/03/2014,47848.195
02/03/2014,56687.632
03/03/2014,48382.794
04/03/2014,35579.433
05/03/2014,28210.318
06/03/2014,27477.391
07/03/2014,59955.847
08/03/2014,34119.112
09/03/2014,26747.557
10/03/2014,22456.728
11/03/2014,19617.542
12/03/2014,17564.907
13/03/2014,15883.032
14/03/2014,14614.589
15/03/2014,13433.728
16/03/2014,12490.972
17/03/2014,11729.235
18/03/2014,11288.022
19/03/2014,10343.136
20/03/2014,16010.788
21/03/2014,15885.31
22/03/2014,15306.786
23/03/2014,12215.457
24/03/2014,21398.131
25/03/2014,28748.225
26/03/2014,17154.086
27/03/2014,19472.528
28/03/2014,28830.716
29/03/2014,40913.275
30/03/2014,26547.057
31/03/2014,22996.191
01/04/2014,20573.815
02/04/2014,59988.231
03/04/2014,48135.062
04/04/2014,26952.098
05/04/2014,28760.738
06/04/2014,55643.749
07/04/2014,41349.049
08/04/2014,30851.61
09/04/2014,23226.417
10/04/2014,19580.764
11/04/2014,16883.669
12/04/2014,15260.105
13/04/2014,13449.747
14/04/2014,12463.707
15/04/2014,11647.249
16/04/2014,10934.164
17/04/2014,10256.684
18/04/2014,8994.143
19/04/2014,8156.335
20/04/2014,8078.149
21/04/2014,7797.915
22/04/2014,7520.951
23/04/2014,7380.716
24/04/2014,6446.595
25/04/2014,6100.999
26/04/2014,13411.221
27/04/2014,9177.635
28/04/2014,7329.907
29/04/2014,6447.125
30/04/2014,6165.352
01/05/2014,6025.881
02/05/2014,5324.554
03/05/2014,5110.794
04/05/2014,5048.064
05/05/2014,5436.396
06/05/2014,5062.613
07/05/2014,4393.284
08/05/2014,7970.349
09/05/2014,5417.81
10/05/2014,5428.584
11/05/2014,4654.149
12/05/2014,4798.477
13/05/2014,4579.084
14/05/2014,3886.421
15/05/2014,3463.068
16/05/2014,3089.97
17/05/2014,3052.303
18/05/2014,3607.536
19/05/2014,5493.798
20/05/2014,5405.348
21/05/2014,4098.999
22/05/2014,3420.369
23/05/2014,3459.244
24/05/2014,7492.537
25/05/2014,23854.766
26/05/2014,17863.156
27/05/2014,10486.566
28/05/2014,7421.803
29/05/2014,6019.445
30/05/2014,5102.286
31/05/2014,4417.204
01/06/2014,4332.925
02/06/2014,4124.131
03/06/2014,3760.883
04/06/2014,4093.057
05/06/2014,3444.978
06/06/2014,3448.649
07/06/2014,4275.859
08/06/2014,3240.249
09/06/2014,2964.566
10/06/2014,3333.962
11/06/2014,2750.384
12/06/2014,2503.086
13/06/2014,2289.4
14/06/2014,2213.883
15/06/2014,2105.607
16/06/2014,1996.648
17/06/2014,1876.388
18/06/2014,1750.796
19/06/2014,1727.543
20/06/2014,1644.915
21/06/2014,1574.438
22/06/2014,1509.261
23/06/2014,1091.923
24/06/2014,603.937
25/06/2014,647.963
26/06/2014,736.334
27/06/2014,1136.705
28/06/2014,984.707
29/06/2014,609.242
30/06/2014,548.648
01/07/2014,572.989
02/07/2014,684.777
03/07/2014,634.109
04/07/2014,1173.731
05/07/2014,931.957
06/07/2014,761.076
07/07/2014,721.231
08/07/2014,673.023
09/07/2014,574.81
10/07/2014,577.098
11/07/2014,547.736
12/07/2014,553.992
13/07/2014,504.329
14/07/2014,525.396
15/07/2014,475.41
16/07/2014,858.083
17/07/2014,440.706
18/07/2014,2674.138
19/07/2014,729.953
20/07/2014,504.23
21/07/2014,401.572
22/07/2014,448.959
23/07/2014,342.392
24/07/2014,246.525
25/07/2014,222.281
26/07/2014,254.04
27/07/2014,246.124
28/07/2014,229.442
29/07/2014,229.242
30/07/2014,182.415
31/07/2014,203.521
01/08/2014,401.834
02/08/2014,3700.225
03/08/2014,856.182
04/08/2014,367.195
05/08/2014,4381.172
06/08/2014,1886.663
07/08/2014,525.526
08/08/2014,3795.245
09/08/2014,1793.715
10/08/2014,76979.792
11/08/2014,7347.598
12/08/2014,3802.099
13/08/2014,2316.82
14/08/2014,1831.469
15/08/2014,1419.787
16/08/2014,1168.04
17/08/2014,1061.306
18/08/2014,840.361
19/08/2014,738.732
20/08/2014,684.876
21/08/2014,664.657
22/08/2014,646.45
23/08/2014,570.579
24/08/2014,995.276
25/08/2014,8418.322
26/08/2014,60547.475
27/08/2014,15639.781
28/08/2014,18044.834
29/08/2014,9720.027
30/08/2014,5996.718
31/08/2014,4315.376
01/09/2014,3455.977
02/09/2014,2887.496
03/09/2014,2754.31
04/09/2014,2451.973
05/09/2014,2266.475
06/09/2014,2091.38
07/09/2014,1924.674
08/09/2014,1807.3
09/09/2014,1690.708
10/09/2014,1618.059
11/09/2014,1496.335
12/09/2014,1436.228
13/09/2014,1407.537
14/09/2014,1392.366
15/09/2014,1279.847
16/09/2014,1124.936
17/09/2014,1161.915
18/09/2014,1028.312
19/09/2014,1002.144
20/09/2014,2015.342
21/09/2014,1086.647
22/09/2014,976.792
23/09/2014,983.303
24/09/2014,926.371
25/09/2014,835.679
26/09/2014,764.243
27/09/2014,737.525
28/09/2014,780.689
29/09/2014,742.082
30/09/2014,795.535
01/10/2014,752.232
02/10/2014,642.865
03/10/2014,5465.258
04/10/2014,43764.676
05/10/2014,11340.832
06/10/2014,254779.853
07/10/2014,32388.057
08/10/2014,65706.334
09/10/2014,68930.835
10/10/2014,24136.965
11/10/2014,16533.414
12/10/2014,13256.813
13/10/2014,11245.282
14/10/2014,9559.162
15/10/2014,32050.326
16/10/2014,33728.205
17/10/2014,73091.738
18/10/2014,68920.916
19/10/2014,23966.323
20/10/2014,17423.93
21/10/2014,14863.834
22/10/2014,12409.923
23/10/2014,11733.913
24/10/2014,10213.723
25/10/2014,8783.16
26/10/2014,7930.037
27/10/2014,7531.072
28/10/2014,12735.237
29/10/2014,12553.57
30/10/2014,15575.244
31/10/2014,15325.246
01/11/2014,27480.85
02/11/2014,27361.964
03/11/2014,19279.558
04/11/2014,14101.995
05/11/2014,11606.472
06/11/2014,47729.35
07/11/2014,89148.618
08/11/2014,88287.48
09/11/2014,35420.975
10/11/2014,55968.479
11/11/2014,96207.437
12/11/2014,89677.538
13/11/2014,206857.428
14/11/2014,318160.191
15/11/2014,89279.873
16/11/2014,52737.302
17/11/2014,36720.939
18/11/2014,28441.177
19/11/2014,29014.305
20/11/2014,33141.774
21/11/2014,95559.998
22/11/2014,109733.258
23/11/2014,36096.736
24/11/2014,26950.886
25/11/2014,22885.867
26/11/2014,19679.776
27/11/2014,17241.257
28/11/2014,15368.884
29/11/2014,13665.296
30/11/2014,12188.111
01/12/2014,11238.863
02/12/2014,10001.451
03/12/2014,9219.548
04/12/2014,9099.352
05/12/2014,8187.032
06/12/2014,7542.779
07/12/2014,8187.973
08/12/2014,7560.609
09/12/2014,7670.012
10/12/2014,7736.149
11/12/2014,11047.12
12/12/2014,21980.453
13/12/2014,12664.803
14/12/2014,10792.569
15/12/2014,9167.773
16/12/2014,17166.725
17/12/2014,28960.939
18/12/2014,17398.004
19/12/2014,13291.581
20/12/2014,10664.252
21/12/2014,9833.078
22/12/2014,9120.018
23/12/2014,8417.715
24/12/2014,7517.975
25/12/2014,6614.118
26/12/2014,13240.801
27/12/2014,13786.324
28/12/2014,10193.51
29/12/2014,8833.97
30/12/2014,8339.463
31/12/2014,8503.876
01/01/2015,19636.583
02/01/2015,17579.8
03/01/2015,51463.951
04/01/2015,23655.55
05/01/2015,19822.838
06/01/2015,30917.59
07/01/2015,31108.773
08/01/2015,29401.596
09/01/2015,24395.898
10/01/2015,18864.898
11/01/2015,15139.984
12/01/2015,15145.735
13/01/2015,13565.253
14/01/2015,21245.232
15/01/2015,31640.107
16/01/2015,16077.148
17/01/2015,13388.735
18/01/2015,11627.646
19/01/2015,10613.786
20/01/2015,18898.784
21/01/2015,17207.368
22/01/2015,13314.49
23/01/2015,12369.572
24/01/2015,11272.825
25/01/2015,10498.757
26/01/2015,10064.459
27/01/2015,9270.269
28/01/2015,9580.331
29/01/2015,9935.263
30/01/2015,9390.1
31/01/2015,7940.39
01/02/2015,6894.663
02/02/2015,6590.681
03/02/2015,6197.229
04/02/2015,5616.074
05/02/2015,5362.112
06/02/2015,5262.907
07/02/2015,4995.58
08/02/2015,4738.907
09/02/2015,4616.676
10/02/2015,4509.706
11/02/2015,4506.506
12/02/2015,4555.705
13/02/2015,15166.437
14/02/2015,11925.862
15/02/2015,9533.695
16/02/2015,27757.074
17/02/2015,12944.197
18/02/2015,10647.983
19/02/2015,12097.736
20/02/2015,11889.919
21/02/2015,9758.974
22/02/2015,17244.575
23/02/2015,17167.677
24/02/2015,16371.607
25/02/2015,13155.137
26/02/2015,12513.784
27/02/2015,10417.451
28/02/2015,10177.619
01/03/2015,15248.461
02/03/2015,13742.275
03/03/2015,10599.334
04/03/2015,8903.144
05/03/2015,8284.201
06/03/2015,7954.119
07/03/2015,7503.481
08/03/2015,7315.046
09/03/2015,7931.201
10/03/2015,7037.133
11/03/2015,20980.647
12/03/2015,89724.766
13/03/2015,37587.056
14/03/2015,20993.775
15/03/2015,16662.833
16/03/2015,14254.606
17/03/2015,12750.742
18/03/2015,11334.678
19/03/2015,10362.31
20/03/2015,9736.137
21/03/2015,8895.693
22/03/2015,8311.464
23/03/2015,7939.308
24/03/2015,7324.193
25/03/2015,7567.707
26/03/2015,11424.009
27/03/2015,8086.919
28/03/2015,8141.244
29/03/2015,7875.765
30/03/2015,7002.727
31/03/2015,6382.734
01/04/2015,5546.881
02/04/2015,5977.679
03/04/2015,5874.697
04/04/2015,5153.196
05/04/2015,4792.229
06/04/2015,4429.052
07/04/2015,4155.263
08/04/2015,3999.711
09/04/2015,3902.375
10/04/2015,3934.292
11/04/2015,3604.239
12/04/2015,3441.415
13/04/2015,3246.397
14/04/2015,3275.391
15/04/2015,3209.958
16/04/2015,3089.48
17/04/2015,2910.917
18/04/2015,2829.566
19/04/2015,2677.193
20/04/2015,2573.147
21/04/2015,2401.264
22/04/2015,2431.111
23/04/2015,2492.233
24/04/2015,2620.882
25/04/2015,3440.079
26/04/2015,2586.655
27/04/2015,2285.685
28/04/2015,2270.498
29/04/2015,2448.476
30/04/2015,2093.756
01/05/2015,2024.639
02/05/2015,30295.152
03/05/2015,49152.09
04/05/2015,15658.439
05/05/2015,49014.385
06/05/2015,27095.309
07/05/2015,17025.22
08/05/2015,66567.373
09/05/2015,36712.473
10/05/2015,21840.049
11/05/2015,22908.856
12/05/2015,15607.586
13/05/2015,12598.071
14/05/2015,18007.966
15/05/2015,14066.241
16/05/2015,11295.388
17/05/2015,10032.429
18/05/2015,12479.69
19/05/2015,10473.053
20/05/2015,9412.007
21/05/2015,8351.258
22/05/2015,7729.47
23/05/2015,7116.418
24/05/2015,6758.606
25/05/2015,6139.162
26/05/2015,5565.788
27/05/2015,5720.52
28/05/2015,5303.886
29/05/2015,5481.986
30/05/2015,4971.158
31/05/2015,5781.785
01/06/2015,9858.486
02/06/2015,10435.978
03/06/2015,6645.768
04/06/2015,5676.172
05/06/2015,5771.029
06/06/2015,4603.329
07/06/2015,4105.142
08/06/2015,3943.319
09/06/2015,3760.965
10/06/2015,3592.013
11/06/2015,3520.688
12/06/2015,3371.618
13/06/2015,3157.858
14/06/2015,2869.259
15/06/2015,2675.741
16/06/2015,2506.208
17/06/2015,2525.788
18/06/2015,2340.044
19/06/2015,2120.781
20/06/2015,2115.48
21/06/2015,1985.359
22/06/2015,1918.855
23/06/2015,1622.868
24/06/2015,1362.308
25/06/2015,1300.123
26/06/2015,1238.476
27/06/2015,1105.175
28/06/2015,1502.55
29/06/2015,1044.248
30/06/2015,1086.98
01/07/2015,1107.71
02/07/2015,1140.22
03/07/2015,1102.955
04/07/2015,1038.383
05/07/2015,1145.778
06/07/2015,6942.395
07/07/2015,3797.329
08/07/2015,1718.545
09/07/2015,1302.534
10/07/2015,1357.821
11/07/2015,1343.809
12/07/2015,1358.518
13/07/2015,1548.227
14/07/2015,1257.474
15/07/2015,1066.297
16/07/2015,5193.385
17/07/2015,6070.082
18/07/2015,2311.114
19/07/2015,5215.267
20/07/2015,2523.406
21/07/2015,1872.559
22/07/2015,1533.591
23/07/2015,1322.127
24/07/2015,1883.526
25/07/2015,1511.536
26/07/2015,8432.625
27/07/2015,5526.989
28/07/2015,3080.771
29/07/2015,2414.381
30/07/2015,1977.338
31/07/2015,1742.809
01/08/2015,1595.799
02/08/2015,1600.941
03/08/2015,2063.076
04/08/2015,1458.183
05/08/2015,3025.694
06/08/2015,3882.946
07/08/2015,2261.201
08/08/2015,1833.908
09/08/2015,1696.108
10/08/2015,1415.144
11/08/2015,1106.049
12/08/2015,983.035
13/08/2015,880.136
14/08/2015,876.805
15/08/2015,833.218
16/08/2015,830.02
17/08/2015,773.759
18/08/2015,683.797
19/08/2015,1091.688
20/08/2015,888.776
21/08/2015,871.377
22/08/2015,765.725
23/08/2015,6610.059
24/08/2015,2137.081
25/08/2015,4051.002
26/08/2015,6105.997
27/08/2015,5929.339
28/08/2015,3144.199
29/08/2015,2160.049
30/08/2015,1680.852
31/08/2015,1497.907
01/09/2015,1443.655
02/09/2015,1223.179
03/09/2015,1147.119
04/09/2015,1003.253
05/09/2015,873.976
06/09/2015,831.064
07/09/2015,873.826
08/09/2015,923.098
09/09/2015,902.206
10/09/2015,830.532
11/09/2015,1347.926
12/09/2015,5852.954
13/09/2015,8818.557
14/09/2015,7721.782
15/09/2015,5765.406
16/09/2015,3819.878
17/09/2015,2663.761
18/09/2015,2007.543
19/09/2015,1689.155
20/09/2015,1657.184
21/09/2015,1784.843
22/09/2015,1847.117
23/09/2015,1437.148
24/09/2015,1275.342
25/09/2015,1137.504
26/09/2015,1128.885
27/09/2015,1123.864
28/09/2015,1105.498
29/09/2015,1114.847
30/09/2015,1076.187
01/10/2015,1185.759
02/10/2015,1269.662
03/10/2015,1295.898
04/10/2015,1266.377
05/10/2015,1827.321
06/10/2015,6073.785
07/10/2015,5378.928
08/10/2015,2722.345
09/10/2015,2110.13
10/10/2015,1825.566
11/10/2015,1663.775
12/10/2015,1424.755
13/10/2015,1279.22
14/10/2015,1290.942
15/10/2015,1223.825
16/10/2015,1119.64
17/10/2015,1037.006
18/10/2015,998.936
19/10/2015,962.696
20/10/2015,855.963
21/10/2015,1204.257
22/10/2015,825.717
23/10/2015,761.124
24/10/2015,1139.332
25/10/2015,831.901
26/10/2015,2354.455
27/10/2015,15753.406
28/10/2015,11164.69
29/10/2015,42297.916
30/10/2015,13181.977
31/10/2015,12744.408
01/11/2015,9246.063
02/11/2015,8145.403
03/11/2015,7270.454
04/11/2015,6394.44
05/11/2015,12535.26
06/11/2015,14636.843
07/11/2015,29555.607
08/11/2015,138817.807
09/11/2015,39220.823
10/11/2015,22991.551
11/11/2015,17106.353
12/11/2015,15129.065
13/11/2015,13998.976
14/11/2015,30011.441
15/11/2015,21459.423
16/11/2015,16591.223
17/11/2015,17662.273
18/11/2015,24961.958
19/11/2015,18140.017
20/11/2015,13866.057
21/11/2015,11294.984
22/11/2015,9967.324
23/11/2015,9486.118
24/11/2015,11327.803
25/11/2015,10283.245
26/11/2015,9445.907
27/11/2015,9453.474
28/11/2015,8851.252
29/11/2015,8647.672
30/11/2015,13525.136
01/12/2015,16374.982
02/12/2015,15251.892
03/12/2015,253166.61
04/12/2015,73578.438
05/12/2015,132760.516
06/12/2015,53241.119
07/12/2015,65719.058
08/12/2015,49018.876
09/12/2015,30301.69
10/12/2015,55790.853
11/12/2015,26968.826
12/12/2015,127579.319
13/12/2015,49773.395
14/12/2015,110132.402
15/12/2015,88535.028
16/12/2015,99754.051
17/12/2015,57641.64
18/12/2015,39368.268
19/12/2015,73049.858
20/12/2015,79189.095
21/12/2015,41591.13
22/12/2015,60306.204
23/12/2015,37075.899
24/12/2015,44017.931
25/12/2015,147774.036
26/12/2015,181429.884
27/12/2015,61558.899
28/12/2015,122751.482
29/12/2015,226307.786
30/12/2015,376737.077
31/12/2015,149462.322
01/01/2016,101302.109
02/01/2016,97223.332
03/01/2016,180550.152
04/01/2016,56448.041
05/01/2016,43232.394
06/01/2016,58954.071
07/01/2016,168134.736
08/01/2016,40007.167
09/01/2016,158589.624
10/01/2016,90511.41
11/01/2016,36083.619
12/01/2016,28077.508
13/01/2016,24041.408
14/01/2016,20355.457
15/01/2016,17475.902
16/01/2016,15729.805
17/01/2016,18615.167
18/01/2016,51541.922
19/01/2016,26110.981
20/01/2016,19953.858
21/01/2016,52227.522
22/01/2016,187109.798
23/01/2016,38022.145
24/01/2016,33591.355
25/01/2016,28274.21
26/01/2016,48263.014
27/01/2016,55427.263
28/01/2016,32400.49
29/01/2016,28282.555
30/01/2016,23400.133
31/01/2016,22253.188
01/02/2016,19634.625
02/02/2016,16405.554
03/02/2016,14251.49
04/02/2016,13389.538
05/02/2016,19502.778
06/02/2016,42132.7
07/02/2016,31852.602
08/02/2016,57721.952
09/02/2016,27813.016
10/02/2016,24903.03
11/02/2016,19871.302
12/02/2016,21622.576
13/02/2016,52209.477
14/02/2016,22708.536
15/02/2016,17613.352
16/02/2016,20391.448
17/02/2016,178012.068
18/02/2016,31347.58
19/02/2016,25544.751
20/02/2016,21799.142
21/02/2016,19439.176
22/02/2016,16908.05
23/02/2016,14815.068
24/02/2016,13576.331
25/02/2016,12498.53
26/02/2016,12533.238
27/02/2016,13137.531
28/02/2016,11520.303
29/02/2016,31680.753
01/03/2016,35297.086
02/03/2016,41701.999
03/03/2016,23923.741
04/03/2016,20691.995
05/03/2016,17511.621
06/03/2016,15708.218
07/03/2016,13979.547
08/03/2016,13799.066
09/03/2016,16192.103
10/03/2016,13063.395
11/03/2016,12045.798
12/03/2016,11143.279
13/03/2016,10258.645
14/03/2016,9769.708
15/03/2016,8996.356
16/03/2016,8452.968
17/03/2016,7978.559
18/03/2016,7700.472
19/03/2016,7173.836
20/03/2016,6848.852
21/03/2016,6550.403
22/03/2016,6372.216
23/03/2016,6127.514
24/03/2016,6342.432
25/03/2016,5731.536
26/03/2016,13859.972
27/03/2016,11983.62
28/03/2016,10255.681
29/03/2016,8261.489
30/03/2016,7036.621
31/03/2016,6273.341
01/04/2016,11281.861
02/04/2016,50598.935
03/04/2016,84189.941
04/04/2016,65997.523
05/04/2016,36786.548
06/04/2016,21863.303
07/04/2016,16512.705
08/04/2016,15283.275
09/04/2016,15269.28
10/04/2016,16035.673
11/04/2016,20038.165
12/04/2016,17789.776
13/04/2016,14135.987
14/04/2016,12602.629
15/04/2016,11116.667
16/04/2016,10016.667
17/04/2016,8283.333
18/04/2016,8666.667
19/04/2016,8700
20/04/2016,2378.404
21/04/2016,7038.174
22/04/2016,6591.979
23/04/2016,6162.19
24/04/2016,5847.99
25/04/2016,5697.599
26/04/2016,5325.006
27/04/2016,5103.042
28/04/2016,4893.554
29/04/2016,4466.706
30/04/2016,4310.307
01/05/2016,4512.558
02/05/2016,4539.315
03/05/2016,3878.229
04/05/2016,3957.398
05/05/2016,3889.075
06/05/2016,3709.985
07/05/2016,4489.938
08/05/2016,3777.167
09/05/2016,6154.562
10/05/2016,42752.26
11/05/2016,13800.859
12/05/2016,9287.389
13/05/2016,6633.818
14/05/2016,5306.954
15/05/2016,4725.358
16/05/2016,4332.946
17/05/2016,4229.768
18/05/2016,4048.506
19/05/2016,4325.783
20/05/2016,3820.606
21/05/2016,4191.038
22/05/2016,3407.18
23/05/2016,3072.128
24/05/2016,2945.048
25/05/2016,2704.364
26/05/2016,2626.594
27/05/2016,2502.073
28/05/2016,2309.507
29/05/2016,2195.806
30/05/2016,2046.094
31/05/2016,1878.116
01/06/2016,2180.768
02/06/2016,2371.133
03/06/2016,2341.337
04/06/2016,2238.025
05/06/2016,2203.173
06/06/2016,2351.152
07/06/2016,2109.422
08/06/2016,1946.777
09/06/2016,1908.992
10/06/2016,1725.994
11/06/2016,1674.946
12/06/2016,2511.578
13/06/2016,2750.216
14/06/2016,4020.256
15/06/2016,4963.627
16/06/2016,3324.943
17/06/2016,2432.815
18/06/2016,1663.384
19/06/2016,1847.047
20/06/2016,1782.738
21/06/2016,1843.771
22/06/2016,1859.142
23/06/2016,1972.243
24/06/2016,2060.162
25/06/2016,2038.532
26/06/2016,2120.203
27/06/2016,1923.149
28/06/2016,3478.677
29/06/2016,3782.715
30/06/2016,2347.798
01/07/2016,1982.041
02/07/2016,1776.947
03/07/2016,1259.188
04/07/2016,1206.938
05/07/2016,1069.439
06/07/2016,1073.947
07/07/2016,1076.472
08/07/2016,912.379
09/07/2016,2040.968
10/07/2016,1208.072
11/07/2016,941.215
12/07/2016,820.205
13/07/2016,664.73
14/07/2016,624.516
15/07/2016,780.225
16/07/2016,590.112
17/07/2016,587.136
18/07/2016,547.645
19/07/2016,506.01
20/07/2016,634.116
21/07/2016,575.099
22/07/2016,1103.679
23/07/2016,554.343
24/07/2016,626.511
25/07/2016,492.658
26/07/2016,476.806
27/07/2016,430.042
28/07/2016,359.523
29/07/2016,442.788
30/07/2016,363.278
31/07/2016,281.183
01/08/2016,616.756
02/08/2016,597.257
03/08/2016,365.388
04/08/2016,442.125
05/08/2016,462.315
06/08/2016,379.028
07/08/2016,369.106
08/08/2016,298.086
09/08/2016,325.838
10/08/2016,345.481
11/08/2016,322.56
12/08/2016,246.209
13/08/2016,236.355
14/08/2016,218.74
15/08/2016,214.881
16/08/2016,163.572
17/08/2016,269.341
18/08/2016,1790.334
19/08/2016,3942.152
20/08/2016,1781.948
21/08/2016,1718.08
22/08/2016,1108.775
23/08/2016,1258.998
24/08/2016,828.849
25/08/2016,563.909
26/08/2016,458.133
27/08/2016,425.559
28/08/2016,389.358
29/08/2016,301.349
30/08/2016,276.538
31/08/2016,347.282
01/09/2016,346.832
02/09/2016,399.12
03/09/2016,3120.003
04/09/2016,1162.698
05/09/2016,3875.098
06/09/2016,1410.526
07/09/2016,955.083
08/09/2016,1168.134
09/09/2016,2601.862
10/09/2016,3792.331
11/09/2016,1668.872
12/09/2016,2437.521
13/09/2016,7480.042
14/09/2016,3364.876
15/09/2016,2233.326
16/09/2016,1745.35
17/09/2016,1346.527
18/09/2016,1398.416
19/09/2016,1310.374
20/09/2016,1007.544
21/09/2016,1534.788
22/09/2016,3315.775
23/09/2016,1633.848
24/09/2016,3694.179
25/09/2016,4847.933
26/09/2016,10527.936
27/09/2016,11847.876
28/09/2016,6140.445
29/09/2016,4153.707
30/09/2016,3001.399
01/10/2016,9693.295
02/10/2016,6417.676
03/10/2016,4167.142
04/10/2016,3204.613
05/10/2016,2620.462
06/10/2016,2170.063
07/10/2016,2004.837
08/10/2016,1866.358
09/10/2016,1731.14
10/10/2016,1650.607
11/10/2016,1513.839
12/10/2016,1473.043
13/10/2016,1443.446
14/10/2016,2682.182
15/10/2016,62730.599
16/10/2016,71330.464
17/10/2016,20099.403
18/10/2016,11383.018
19/10/2016,8281.847
20/10/2016,6839.47
21/10/2016,5993.773
22/10/2016,5369.619
23/10/2016,4677.678
24/10/2016,4129.527
25/10/2016,3793.048
26/10/2016,3561.39
27/10/2016,3358.41
28/10/2016,3070.028
29/10/2016,2907.626
30/10/2016,2865.656
31/10/2016,2813.317
01/11/2016,2562.146
02/11/2016,2459.815
03/11/2016,2489.324
04/11/2016,2437.492
05/11/2016,2235.122
06/11/2016,2082.41
07/11/2016,1990.331
08/11/2016,8647.089
09/11/2016,11261.475
10/11/2016,5249.435
11/11/2016,4212.889
12/11/2016,20466.07
13/11/2016,9358.342
14/11/2016,7279.9
15/11/2016,6197.193
16/11/2016,5553.116
17/11/2016,5212.792
18/11/2016,4669.455
19/11/2016,4047.797
20/11/2016,3989.638
21/11/2016,28185.723
22/11/2016,41146.547
23/11/2016,13337.525
24/11/2016,9980.544
25/11/2016,8296.915
26/11/2016,7171.204
27/11/2016,6226.047
28/11/2016,5525.2
29/11/2016,5082.342
30/11/2016,4768.722
01/12/2016,4561.108
02/12/2016,4454.089
03/12/2016,4269.75
04/12/2016,4039.058
05/12/2016,3886.33
06/12/2016,3792.209
07/12/2016,4147.964
08/12/2016,55606.693
09/12/2016,21545.124
10/12/2016,15138.692
11/12/2016,11133.573
12/12/2016,10280.706
13/12/2016,79892.343
14/12/2016,221121.636
15/12/2016,55694.27
16/12/2016,210805.765
17/12/2016,44946.693
18/12/2016,30118.352
19/12/2016,23805.166
20/12/2016,20344.11
21/12/2016,24437.056
22/12/2016,19504.98
23/12/2016,32081.274
24/12/2016,24139.411
25/12/2016,18339.199
26/12/2016,14682.976
27/12/2016,13007.755
28/12/2016,12395.533
29/12/2016,11393.142
30/12/2016,10411.719
31/12/2016,9791.604
